Base index,HP0.6.0_3#TOP,HP0.6.0_3#BOT
1,42467,18449
2,870,282
3,155,72
4,182,91
5,31,21
6,72,8
7,159,41
8,134,19
9,27,8
10,96,9
11,106,61
12,37,17
13,45,15
14,28,3
15,54,6
16,22,5
17,28,9
18,29,11
19,52,42
20,35,28
21,95,13
22,74,8
23,38,6
24,24,11
25,30,9
26,11,9
27,47,6
28,15,11
29,5,4
30,25,8
31,17,20
32,20,18
33,20,3
34,10,1
35,18,45
36,17,19
37,56,9
38,24,2
39,57,29
40,80,5
41,34,10
42,51,8
43,60,17
44,21,11
45,42,11
46,38,6
47,33,11
48,25,5
49,59,13
50,46,7
51,29,4
52,21,18
53,42,9
54,27,7
55,15,8
56,42,7
57,26,10
58,42,7
59,29,13
60,29,25
61,57,12
62,31,2
63,47,5
64,37,32
65,19,20
66,16,3
67,35,1
68,33,10
69,48,5
70,27,5
71,36,3
72,27,13
73,93,3
74,36,3
75,28,8
76,26,10
77,45,15
78,198,2
79,75,11
80,35,13
81,46,25
82,55,5
83,50,7
84,42,12
85,73,14
86,39,24
87,36,9
88,41,18
89,64,6
90,37,8
91,33,20
92,45,7
93,244,19
94,61,14
95,51,18
96,66,6
97,78,11
98,64,61
99,64,10
100,173,3
101,64,27
102,75,13
103,74,13
104,152,12
105,55,13
106,38,12
107,32,8
108,80,10
109,60,16
110,46,5
111,46,12
112,43,10
113,55,6
114,71,22
115,88,11
116,44,13
117,50,9
118,54,5
119,91,20
120,32,11
121,56,8
122,55,3
123,35,4
124,34,5
125,62,16
126,32,6
127,33,7
128,42,12
129,45,5
130,53,11
131,51,27
132,23,7
133,30,5
134,37,7
135,44,7
136,41,11
137,60,17
138,135,10
139,44,6
140,45,16
141,52,7
142,43,8
143,44,4
144,51,8
145,32,15
146,32,6
147,46,7
148,42,8
149,56,8
150,45,11
151,41,20
152,27,9
153,36,13
154,46,20
155,70,13
156,52,22
157,41,11
158,57,8
159,42,11
160,51,14
161,79,12
162,49,11
163,51,12
164,44,31
165,55,14
166,68,14
167,39,15
168,61,21
169,49,12
170,40,19
171,50,15
172,36,14
173,36,28
174,44,18
175,32,10
176,54,13
177,48,16
178,32,17
179,37,23
180,55,15
181,47,6
182,34,29
183,30,17
184,71,19
185,38,9
186,56,9
187,60,5
188,23,17
189,54,10
190,55,14
191,42,11
192,38,14
193,36,13
194,42,19
195,40,14
196,74,14
197,44,8
198,50,12
199,33,7
200,36,8
201,55,7
202,37,16
203,36,7
204,25,6
205,14,20
206,38,6
207,39,15
208,22,10
209,35,16
210,45,17
211,41,4
212,38,9
213,71,15
214,52,12
215,37,12
216,47,10
217,34,11
218,39,17
219,29,14
220,34,7
221,45,19
222,32,28
223,22,15
224,29,7
225,29,21
226,26,15
227,69,15
228,30,15
229,35,12
230,13,11
231,41,4
232,18,15
233,25,21
234,31,13
235,28,19
236,21,5
237,40,10
238,29,7
239,25,13
240,12,9
241,14,15
242,26,11
243,25,6
244,21,15
245,10,12
246,15,12
247,19,42
248,20,12
249,24,5
250,20,18
251,21,6
252,20,16
253,20,13
254,25,11
255,15,8
256,22,16
257,23,22
258,15,16
259,9,7
260,17,14
261,17,10
262,14,17
263,25,10
264,15,12
265,16,18
266,6,22
267,27,11
268,9,24
269,9,19
270,13,27
271,21,17
272,10,9
273,12,25
274,14,12
275,14,21
276,15,8
277,9,19
278,12,14
279,8,22
280,18,13
281,12,14
282,21,19
283,8,14
284,6,20
285,13,22
286,14,12
287,10,25
288,9,31
289,12,12
290,7,17
291,12,12
292,7,21
293,3,3
294,7,18
295,2,11
296,0,6
297,7,16
298,0,10
299,1,7
300,6,8
301,3,18
302,6,12
303,1,11
304,5,9
305,4,8
306,9,21
307,4,11
308,2,14
309,4,11
310,2,14
311,1,25
312,1,10
313,4,10
314,2,12
315,5,32
316,7,27
317,3,18
318,4,20
319,11,32
320,4,13
321,3,14
322,4,8
323,6,23
324,1,17
325,9,24
326,2,24
327,2,36
328,7,19
329,4,24
330,8,21
331,4,51
332,7,25
333,9,40
334,6,23
335,6,33
336,4,49
337,5,1110
338,5,143
339,6,66
340,2,92
341,791,67
342,43,99
343,24,72
344,32,75
345,25,109
346,7,96
347,32,140
348,19,161
349,46,103
350,37,66
351,38,82
352,47,205
353,38,137
354,20,154
355,25,125
356,32,226
357,88,138
358,60,249
359,112,248
360,99,244
361,114,878
362,132,607
363,198,1080
364,148,1447
365,322,1832
366,173,4373
367,235,4515
368,267,3653
369,194,3592
370,372,2002
371,281,1540
372,427,871
373,309,540
374,511,309
375,408,275
376,740,477
377,422,278
378,845,139
379,704,288
380,788,141
381,598,195
382,707,302
383,531,214
384,324,86
385,440,202
386,241,175
387,336,213
388,248,122
389,162,198
390,104,178
391,140,119
392,179,137
393,118,165
394,126,142
395,79,161
396,88,152
397,83,147
398,83,155
399,61,949
400,41,137
401,50,109
402,32,124
403,54,135
404,50,82
405,21,141
406,44,108
407,674,72
408,127,115
409,36,94
410,37,100
411,23,147
412,21,81
413,61,108
414,38,85
415,50,87
416,28,99
417,20,59
418,26,81
419,27,104
420,25,136
421,42,67
422,22,80
423,39,213
424,27,172
425,20,68
426,31,47
427,29,95
428,18,83
429,8,78
430,24,99
431,10,99
432,22,150
433,15,86
434,13,234
435,22,158
436,10,122
437,18,107
438,19,102
439,37,95
440,49,100
441,30,94
442,18,86
443,36,78
444,17,158
445,17,125
446,16,120
447,12,190
448,14,190
449,11,84
450,19,85
451,29,96
452,26,316
453,35,123
454,31,116
455,19,155
456,48,178
457,32,115
458,8,145
459,23,106
460,35,93
461,18,143
462,28,110
463,106,141
464,20,225
465,24,198
466,40,174
467,82,188
468,26,164
469,17,158
470,23,116
471,24,193
472,58,213
473,18,181
474,13,123
475,33,143
476,9,536
477,25,152
478,40,148
479,20,210
480,18,202
481,29,152
482,15,250
483,46,138
484,18,117
485,87,173
486,31,149
487,23,158
488,31,153
489,29,210
490,27,200
491,19,84
492,29,118
493,31,193
494,49,175
495,16,191
496,10,158
497,13,140
498,17,149
499,11,118
500,35,160
501,21,99
502,19,158
503,18,150
504,61,97
505,19,106
506,8,104
507,15,99
508,21,132
509,13,98
510,19,116
511,6,213
512,4,119
513,17,80
514,8,101
515,22,110
516,7,172
517,13,122
518,9,146
519,14,140
520,11,131
521,9,109
522,28,99
523,20,156
524,11,135
525,47,124
526,26,134
527,9,184
528,9,96
529,12,146
530,25,101
531,21,107
532,20,87
533,16,77
534,13,94
535,37,75
536,18,81
537,17,116
538,12,105
539,15,57
540,19,84
541,43,157
542,10,118
543,10,121
544,21,81
545,18,104
546,13,72
547,10,119
548,10,66
549,13,68
550,9,93
551,19,115
552,22,100
553,14,88
554,21,70
555,29,58
556,30,89
557,17,103
558,27,67
559,27,74
560,12,82
561,10,113
562,66,126
563,10,75
564,8,78
565,16,104
566,11,125
567,27,63
568,14,105
569,15,54
570,8,98
571,12,107
572,39,62
573,11,69
574,12,64
575,9,59
576,18,119
577,20,57
578,7,59
579,35,84
580,10,74
581,10,72
582,19,70
583,12,91
584,11,88
585,13,44
586,40,96
587,16,63
588,4,67
589,15,50
590,13,56
591,7,55
592,19,57
593,6,80
594,17,65
595,11,44
596,4,65
597,9,48
598,11,73
599,20,69
600,7,98
601,8,56
602,7,58
603,6,87
604,13,33
605,23,34
606,13,56
607,17,57
608,7,35
609,9,57
610,19,29
611,16,57
612,11,34
613,12,20
614,22,50
615,8,39
616,7,34
617,9,34
618,8,51
619,12,33
620,14,21
621,4,29
622,12,23
623,7,40
624,8,25
625,4,34
626,4,25
627,8,21
628,0,27
629,10,24
630,4,17
631,15,7
632,1,11
633,6,19
634,4,52
635,2,20
636,3,15
637,2,11
638,5,13
639,6,29
640,2,17
641,1,17
642,3,13
643,5,12
644,3,13
645,6,24
646,2,10
647,4,25
648,8,9
649,0,10
650,2,12
651,0,7
652,4,9
653,6,10
654,2,6
655,3,10
656,4,6
657,2,5
658,4,3
659,5,6
660,8,0
661,2,0
664,2,0
665,3,0
666,1,0
667,2,0
669,4,0
670,1,0
671,1,0
