Base index shifted,dsDNA#TOP#AVERAGE,dsDNA#TOP#STD,dsDNA#BOT#AVERAGE,dsDNA#BOT#STD
-299.5,6.708105868913368e-05,5.480688380083327e-05,0.00036789719720533166,8.741237878674319e-05
-298.5,4.320671520615484e-05,4.77501695715743e-05,0.00015083850849361463,0.0001411723932631181
-297.5,7.18917576836976e-05,6.161023956344017e-05,0.0001341600418727062,6.347637618573171e-05
-296.5,4.320671520615484e-05,4.77501695715743e-05,0.00012655722771411987,0.0001248698444671377
-295.5,0.00010057680016124035,7.547030955530604e-05,0.0011098215674708455,3.6071443862517766e-07
-294.5,7.20709091735383e-05,8.857030414721566e-05,0.0003691231923763018,3.5037094402422305e-05
-293.5,0.0003169686791716959,0.0003681412865807285,0.0001711949606274334,6.174255718754184e-05
-292.5,0.00010511877192104318,4.1833568442249676e-05,0.0004292133967395536,0.00010198110858453372
-291.5,8.142357992790505e-05,6.17369187967662e-05,0.00019670223657789826,2.5669821599201346e-05
-290.5,0.0001102877738952885,0.00010255705337240756,0.0002683200837454124,0.00012695275237146342
-289.5,7.198133342861794e-05,7.509027185532791e-05,0.0016265907486005247,0.0004772539432007506
-288.5,8.115485269314399e-05,2.129682192110296e-05,0.000371575182718242,6.971347436621947e-05
-287.5,0.00010066637590616069,8.895034184719378e-05,0.0003002041786834935,8.186183288603779e-05
-286.5,6.218078394964941e-05,3.452349574633863e-05,0.0002643952550997364,3.1220367499906756e-05
-285.5,7.18917576836976e-05,6.161023956344017e-05,0.0002464907933078579,5.899634806841241e-06
-284.5,0.00013879366488299055,8.945705878049793e-05,0.00032938944014686874,0.00011133675585526537
-283.5,0.00011491932140001171,8.240034455123895e-05,0.0003372390974382207,8.012801388784792e-05
-282.5,8.614470317754861e-05,5.506024226748534e-05,0.0004049321159600588,8.567855978855334e-05
-281.5,0.00012436156789929882,6.904699149267726e-05,0.00033356111192531034,0.00023725386704081058
-280.5,3.3316589982265954e-05,6.296638829302736e-06,0.00037574685449668363,0.0002788771485298565
-279.5,7.67024566782615e-05,6.841359532604706e-05,0.00037942484000959395,0.00012175129537689384
-278.5,0.00024008707100359373,0.00027276762667090596,0.00023888797914927156,6.729310308824726e-05
-277.5,0.00012926184263878308,8.93303795471719e-05,0.0007421712133982795,0.00016580657367640126
-276.5,0.0001388832406279109,0.00010293709107238568,0.0003320882736215746,3.677091340061216e-05
-275.5,6.699148294421332e-05,4.1326851508945525e-05,0.00010350194210559523,5.6192011286836435e-05
-274.5,5.7638812189846566e-05,6.816023685939498e-05,0.0004905295962737755,0.00011654983838232426
-273.5,4.792783845579839e-05,4.1073493042293446e-05,0.0007703773228234503,0.00027784150734393826
-272.5,0.00010021849718155892,2.1550180387755042e-05,0.00025286761229547413,3.1185490902438835e-06
-271.5,8.614470317754861e-05,5.506024226748534e-05,0.0005888807145627247,0.00012938474918192488
-270.5,0.00017300601231446007,0.0002179607428700727,0.0004407410395438159,0.00013632002517468433
-269.5,5.255938596052159e-05,2.0916784221124838e-05,0.0005555237813209078,2.600728497284791e-05
-268.5,5.2469810215601236e-05,7.436751929237088e-06,0.000415233763593351,0.00017239276076302481
-267.5,0.0001624888568761287,6.95537084259814e-05,0.0006592725665592687,0.00028304296433850787
-266.5,2.868504247754275e-05,1.3860069991865867e-05,0.0008493511410167851,6.4872731810275e-05
-265.5,6.218078394964941e-05,3.452349574633863e-05,0.0005621474434412897,0.00021783276915458632
-264.5,4.7838262710878034e-05,2.759346075040569e-05,0.0005722022479418162,5.168873210453849e-05
-263.5,9.549737393191536e-05,2.8226856917035896e-05,0.0011171775384966661,0.0003138909918673002
-262.5,7.180218193877724e-05,4.8130207271552415e-05,0.000657799728255533,8.256001069830945e-05
-261.5,0.00013924154360759233,0.00015685722023993669,0.0008724064266253098,0.00013355056499057626
-260.5,0.0001818212285993047,0.00011024716376829674,0.0006757041900474115,0.00010788074339137492
-259.5,0.00012409284066453776,2.860689461701399e-05,0.0007968637508121196,6.346475065324243e-05
-258.5,7.18917576836976e-05,6.161023956344017e-05,0.000615367142551394,0.00021192150881525578
-257.5,0.00011990917188441633,0.00011616376489762136,0.0006092371666965434,4.995491310634867e-05
-256.5,8.614470317754861e-05,5.506024226748534e-05,0.0009121401788547428,0.000279924415248264
-255.5,0.0003545585136790037,0.0002877678097627062,0.0012211731668677927,0.00024801749546857476
-254.5,9.068667493735146e-05,2.1423501154428996e-05,0.0006452929334130661,0.00035345461651699897
-253.5,0.000134072541633347,9.61337353097788e-05,0.0006619714000339746,0.0004311506335943854
-252.5,0.00010565622639056532,0.00012271376219357617,0.0008022614177615314,0.00023275058785851265
-251.5,0.00027313493375109865,0.00022603089096593997,0.001224851152380703,9.089164231561222e-05
-250.5,0.00011518804863477279,0.0001228404414269022,0.0008596527886500773,0.00015158693278474652
-249.5,0.00012445114364421916,8.252702378456499e-05,0.0008419951699909645,0.0003791244381162004
-248.5,0.00018716938206339071,0.00019793071328223013,0.0008545019648334312,0.0001082298322975108
-247.5,7.661288093334114e-05,5.493356303415931e-05,0.0010803894628747047,5.9298934844591055e-05
-246.5,0.00015821561235108693,0.000143630546414701,0.0011341028482503403,1.666326323460553e-05
-245.5,0.00025789665506312367,8.430053305112954e-05,0.0012797905329273089,0.0001144785560104878
-244.5,0.0001535840648463637,0.0001637872552358696,0.001413950574800015,0.00017795493219621947
-243.5,0.00025843410953264585,0.00016518072680245604,0.0012054738522850887,0.0001349120440176517
-242.5,0.00022529667104022056,0.00019843743021553427,0.00107818431566553,0.00029830987194857006
-241.5,0.00015812603660616655,0.00013015051412281327,0.0015841663833892439,0.0005449310117926015
-240.5,0.00023455976604966697,0.00015812401257319706,0.0009619287355847024,0.0002601542284559039
-239.5,0.0001580364608612462,0.00011667048183092552,0.0009185169978423591,0.0002709062313511789
-238.5,0.0004070283238946049,0.00029520456169194326,0.0013195242851567418,0.00026085240626817546
-237.5,0.00025932986698184936,0.0002999810497213335,0.0017141547534835085,0.0002598167650822573
-236.5,0.0002877461822246311,0.00027340102283753616,0.0006286144667921577,0.00027575859943961256
-235.5,0.0002302865215246252,0.00023220085056191667,0.0015186785120765802,0.00018177165909873504
-234.5,0.00023500764477426875,0.0002255241740326358,0.0009400994451471479,0.00013910111089128168
-233.5,0.00022066512353549739,0.00021859413903670287,0.0013926149706279917,0.000562618290680636
-232.5,0.00022529667104022056,0.00019843743021553427,0.0018431639715395685,0.0002799360407807531
-231.5,0.00024917101452319945,0.00020549414444479322,0.00044956984887337234,2.2551272508957465e-05
-230.5,0.00017736883258442218,0.00015736393717324083,0.0009825320308512867,0.00043358263040484693
-229.5,0.00037407003689202036,0.000355421329688797,0.0003078069928420798,2.0468364604631773e-05
-228.5,0.0002830250589749875,0.000280077699366817,0.0012466804428182576,0.00021194475988023427
-227.5,0.00027331408524093934,0.00025299095554971545,0.0015571862691350431,0.00038052079374074356
-226.5,0.00017246855784493792,0.0001370805491187462,0.000701458309130642,0.0003246662458275538
-225.5,0.0002489918630333587,0.00017853407986101775,0.0014279302079462175,0.00010754328001772836
-224.5,0.0003738013096572593,0.0003149812328131337,0.0011814394146383595,0.00010164364521088708
-223.5,0.00021612315177569453,0.0002522308801497592,0.001796074248284315,0.000447813896828991
-222.5,0.0003162520732123331,0.00026030102824562654,0.0021340456546279744,3.0149849716520604e-05
-221.5,0.00017246855784493792,0.0001370805491187462,0.001223625157209733,0.00014326692669993307
-220.5,0.00021086457405652885,0.0001780273629277136,0.0017077779344958923,0.00026883494897934245
-219.5,0.0002969197014891571,0.0002196075729033112,0.0017394151863012078,2.911420853060245e-05
-218.5,0.00029683012574423673,0.00020612754061142343,0.0016268375917332903,0.00022439570517623133
-217.5,0.0004646671360844515,0.0003633647985513382,0.0011814394146383595,0.00010164364521088708
-216.5,0.0002875670307347904,0.0002464409582537607,0.001603049997219327,0.0002650182220768269
-215.5,0.00033531571770074805,0.00026055438671227865,0.0010654306776902976,0.0003163462397427403
-214.5,0.00043634039658659013,0.00040342485772702335,0.0009315174789503571,0.0005057281015815279
-213.5,0.0003399472652054712,0.00024039767789110997,0.0012089132151580917,0.0007717703393117837
-212.5,0.0005655126634804529,0.00047927520498230753,0.0014141974179327807,0.00043081317022073887
-211.5,0.00033976811371563056,0.0002134376133073345,0.00036519836373062576,6.069529046913435e-05
-210.5,0.00025852368527756617,0.0001786607590943438,0.0018012250721009609,0.0004911709973162265
-209.5,0.0005328231037126294,0.0005799320698548245,0.001447801194307363,0.0008390634424000308
-208.5,0.00034466838845511477,0.0002337210013618291,0.0015596382594769836,0.00027577022497210187
-207.5,0.00033068417019602484,0.0002807110955334472,0.0007625276655320982,8.637673760082496e-05
-206.5,0.00035927963692864725,0.00028109113323342535,0.002232643616049689,0.00023554329910759937
-205.5,0.00025389213777284297,0.00019881746791551238,0.0020889224559419877,0.0008439274360209541
-204.5,0.0002490814387782791,0.00019201411215290551,0.001134349691383106,0.0002695215012591248
-203.5,0.00035874218245912507,0.00020021093948209881,0.0012361319520521998,0.00012762767911875646
-202.5,0.0003591900611837269,0.0002676111009415376,0.0026527813603269205,0.00019843492233334042
-201.5,0.00044070321685655227,0.0003428280520301915,0.0015444326311598107,0.0003985571615349138
-200.5,0.00031687910342677555,0.00035466125428884073,0.0014129714227618106,0.0004831884546050597
-199.5,0.0003211523479518174,0.0002805844163001212,0.0019405359377903132,0.0005980044739891941
-198.5,0.0003162520732123331,0.00026030102824562654,0.002092353598322132,0.00043394334484347214
-197.5,0.00032142107518657844,0.0003210245131757844,0.0006143879905131896,9.331201359358439e-05
-196.5,0.0006231514756702994,0.0005474354418417024,0.0016697638637029606,0.0005758022903863724
-195.5,0.0005614185704452517,0.0005803121075548026,0.0008012822657233269,0.0005379841102673528
-194.5,0.0003691697621525361,0.0003351379416343023,0.00205997581711852,2.668221172014112e-05
-193.5,0.0007616764133185289,0.0005964524037465372,0.0025335883241314793,0.001075979846067195
-192.5,0.0006322354191899051,0.0004801619596155898,0.0018841237189399717,0.0003739346066541199
-191.5,0.0006610996131572886,0.0005209820941912311,0.0016756469964250456,6.10676304402488e-05
-190.5,0.00040693874814968454,0.0002817245294000555,0.00094917509760947,0.00027819059625007415
-189.5,0.0003398576894605509,0.00022691764559922223,0.0015250553310641964,0.0001727534752016499
-188.5,0.0007425231930851936,0.0005827190129879973,0.0010617526921773872,0.00047347209289570286
-187.5,0.00042627111987286054,0.00032241798474237084,0.0009219481402225037,0.00013907785982630316
-186.5,0.00038796467940618997,0.0002949512032252912,0.001427683364813452,0.0001453149580067909
-185.5,0.00027812478423550323,0.00025979431131232237,0.0012285291378936135,6.623421083735048e-05
-184.5,0.00045504573809532363,0.0003497580870261244,0.0018490471042616535,0.00023479861916537057
-183.5,0.0005232017057235016,0.0005663253583296108,0.0015316789931845783,0.0004165935293290841
-182.5,0.0004843578107873089,0.00045797838306120455,0.0017865049095564614,0.00019699206457884016
-181.5,0.0005034214552757238,0.0004582317415278566,0.001246433599685492,4.091347814428501e-05
-180.5,0.0004839099320627071,0.0003905782216017658,0.001098293924666583,3.397820215152557e-05
-179.5,0.0003542897864442426,0.00024732771288704295,0.0018988356609916132,0.00025456880595773056
-178.5,0.0004923668453678703,0.00022894451333243886,0.0014482866600800362,2.811344394215214e-05
-177.5,0.0006661790393866136,0.0005682255468295013,0.00205997581711852,2.668221172014112e-05
-176.5,0.0005507222635170797,0.00040494500852693586,0.0007306435705940171,0.00013146765708625058
-175.5,0.0005895661584532724,0.000513291983795342,0.0016231596062203802,6.726985202326864e-05
-174.5,0.0004547770108605626,0.0003093179901504612,0.0014024229319957527,0.00014361601560606885
-173.5,0.0002775873297659811,0.00017891411756099587,0.0021737794068574074,0.00011622400054116691
-172.5,0.0006652832819374101,0.0004334252239106238,0.0021509709643816486,0.000300404405385385
-171.5,0.0006610100374123682,0.0005075020618993434,0.001990077651387507,0.0003253760491723148
-170.5,0.0008578903932098071,0.000732519518998675,0.0011228220485788435,0.0002351825846689742
-169.5,0.0007903614557960717,0.0006103124737384031,0.0009486814113439388,0.0002275258797989645
-168.5,0.0005598957827816057,0.0003511515585927109,0.0015005272071519362,9.64073116188497e-05
-167.5,0.00033388250578202236,4.487387004207461e-05,0.001906685318282965,6.310403621461725e-05
-166.5,0.00036872188342793434,0.0002677377801748636,0.0017178327389964188,0.00010269091192929462
-165.5,0.0003500165419192008,0.0003214045508757625,0.0013374287469486205,0.0002861731389612409
-164.5,0.0007174843649182501,0.00040042187896419763,0.0012199471716968226,0.00030039277985289577
-163.5,0.0004642192573598497,0.00029596463709189954,0.000937400611672442,9.006558364595818e-06
-162.5,0.0004785617785986211,0.00030289467208783244,0.0016106528113779134,0.00020362475379542087
-161.5,0.0005600749342714465,0.00037811162317648637,0.000751000022727836,5.203782101067436e-05
-160.5,0.0006740984982222546,0.0003257116448088479,0.0006158608288169252,0.0002937949672337828
-159.5,0.0008186881952939331,0.000570252414562718,0.0006131619953422194,0.00014568729797790532
-158.5,0.0006649249789577286,0.0003795050947430728,0.0003973293018014725,0.00014707202806995935
-157.5,0.0006555723082033618,0.00040633848009352224,0.0016246324445241159,0.0001332131016169298
-156.5,0.0005745966070000586,0.00041200172275619485,0.0006384224281599186,0.00014324367563495452
-155.5,0.0008755208257794964,0.0005170923607951232,0.0016910994678749837,0.00019113893190195595
-154.5,0.0008904903772327102,0.0006183826218342703,0.002475209580711871,0.00014571054904288392
-153.5,0.0008379309912721887,0.0005974658376131454,0.001024224087157129,3.0510564155145784e-05
-152.5,0.0005636315728371254,0.00019619452685266472,0.0015007740502847018,0.00015645092640566958
-151.5,0.0009141855692258484,0.0005984792714797537,0.0031673453942474253,7.842907148712592e-05
-150.5,0.0010136874604480444,0.0005121891935324068,0.00202858540844597,0.0005241251838143233
-149.5,0.000651030336443559,0.00043997522120657866,0.001398991789615608,0.0005536001067835509
-148.5,0.0011337757838223016,0.0006553130230138038,0.0016143307968908235,4.649890064245818e-05
-147.5,0.0006977936902153928,0.00030580829445433133,0.0019209117945619334,0.00011934254963141092
-146.5,0.0006398861507907851,0.00019720796071927312,0.0014740407791632667,0.0002448989463783309
-145.5,0.000779485997378059,0.00040798531012676073,0.0009656067210976128,0.00010302837530294118
-144.5,0.000534767378869742,0.00015537439227702343,0.000817467046078704,0.00010996365129570062
-143.5,0.0006638500700186843,0.00021774470724041981,0.0028536552686832606,0.000572695366828618
-142.5,0.0005921374638248275,0.00018309453226075513,0.001766642143688174,0.0003881542475457746
-141.5,0.0006252749023172527,0.00014983782884767685,0.0020276062564077656,0.0008293587062231634
-140.5,0.0006438906680810658,8.269102585489022e-05,0.0015824467019527424,9.15898201278838e-05
-139.5,0.0009164881473626423,0.00022784172306950363,0.0016008448500101522,0.0006226270288699878
-138.5,0.0009268261513111331,0.00034928869292981954,0.001545658626330781,0.000346181877150593
-137.5,0.0010324823777016984,0.0004720024551233957,0.0008697075931506039,1.4557104265301225e-05
-136.5,0.0009803708704657786,0.0005184858323617097,0.0023542968630799284,0.0005699142811120205
-135.5,0.001113816381884683,0.0005202593416282742,0.001650633406740112,0.0006028568420776278
-134.5,0.0009028622320832339,0.00032875194640867274,0.0033655204691290593,0.0003045818467265256
-133.5,0.0011988861761231874,0.00041355919639310645,0.001235399643146761,0.0004304640813146029
-132.5,0.0005539205991030773,0.00016910778303556328,0.0022395141213028364,0.0007322415912595528
-131.5,0.0010277612544520548,0.00047867913165267653,0.002378578143859423,0.0005862168299080008
-130.5,0.0007881220621730629,0.00027331166644120933,0.00238740695318898,0.0004724480772422739
-129.5,0.0007359209791922227,0.0003063150113876354,0.003121975352428673,0.0006996481192000813
-128.5,0.0011023138932522278,0.0002235719519734176,0.0032610393749852593,0.0005536233578485293
-127.5,0.00046732801720092686,4.6647379308639154e-05,0.002207136340099224,0.0002716160346959399
-126.5,0.0011600422811869947,0.00030521222112470033,0.0021781979217686148,0.0007176728614617623
-125.5,0.000978489779822451,0.00023540515423206682,0.002698406465771297,0.001146740587151822
-124.5,0.0012521621680430719,0.0005423162389493332,0.002847031606562879,0.00032885531270118355
-123.5,0.001465418895981315,0.0003631860857586847,0.0027744346073571603,0.0005328059043377619
-122.5,0.0014191034209340828,0.0005647531739703706,0.0018713700809647393,0.0003919709744482902
-121.5,0.0007880324864281425,0.00025983163414932157,0.002341543225104696,0.0005879506489061908
-120.5,0.0013090843742735556,0.0005026362174736263,0.002420270200165265,0.00012212363534800803
-119.5,0.001298298491600463,0.0003137890861538717,0.002343016063408432,0.000788433602546389
-118.5,0.001374911372533804,0.00036872264918803106,0.00334393802182427,0.00043638696718642267
-117.5,0.0014220330292853195,0.00028847585160333473,0.0036353133911782073,0.0006320175527381872
-116.5,0.0011593256752276317,0.00019737196278959838,0.0016628933584498132,7.910399823441904e-05
-115.5,0.001359583518100909,0.00021351225898133295,0.002003078132495505,0.0005601979194026638
-114.5,0.0013306297483886053,0.00015921209211380372,0.0033108279317152194,0.0005338531710561693
-113.5,0.0008497653916531901,0.00022695496843622143,0.003283600974328253,0.00011658471497979195
-112.5,0.0017340118579726106,0.0006228537178376808,0.0031033385817313556,0.0012324191469403752
-111.5,0.0010022745475605096,0.00022898183616943814,0.003494036000919588,0.00018101535362401717
-110.5,0.0007725254805054064,7.766117935884786e-05,0.0050203173271547545,6.063716280668778e-05
-109.5,0.0013275209885475281,0.0004085293498970641,0.0028367299589295864,0.00024214111172671208
-108.5,0.000549020324363593,0.00014882439498106861,0.004471170364821463,4.364806173092491e-05
-107.5,0.0019285632444021204,0.000497390335347931,0.0050872780367711545,0.0005030051435273768
-106.5,0.0020383135638278867,0.0005190671949690121,0.0034501387974045714,0.0006406866477291368
-105.5,0.0010833398245087332,0.0002367986257986533,0.0036593478288249365,0.00039546186350964844
-104.5,0.0019355237612747728,0.000827714466115844,0.0017943545668478134,5.527294835726872e-06
-103.5,0.0017569008682614658,0.0004816300768561747,0.003173969056367807,0.00032226912561456007
-102.5,0.0012851204550456564,0.0004820994709524796,0.005103215973993765,0.0001778735534687944
-101.5,0.0009798334159962564,0.00043760563861038314,0.0021997803690734035,0.000585867741001865
-100.5,0.0013184370450279224,0.00047580283212317673,0.0030662954424837702,8.251350856835238e-05
-99.5,0.0023781712532884376,0.0007459848405682343,0.0025303958043912424,0.0004221557007622788
-98.5,0.001460608196986751,0.00035638272999607767,0.002299110639400557,0.0002934691293926254
-97.5,0.0007916787007387418,9.139457011738767e-05,0.0017703201292010844,0.00023102839439281204
-96.5,0.001232381917595294,0.0004342226221475793,0.0020751814454356924,0.00014946914828295306
-95.5,0.0015809652475957691,0.0005399466563531379,0.0010320737444484808,0.0001609542055879675
-94.5,0.0011118457154964353,0.00022369863120674357,0.0016094268162069431,0.00025600003817974175
-93.5,0.0010540277518167479,0.00012857832976357315,0.002965245490720115,0.00024345608862383065
-92.5,0.0009486402526609438,4.6304664445660306e-05,0.0027687900972749825,1.626767219851251e-05
-91.5,0.001374373918064282,0.0002878424554367046,0.001224851152380703,9.089164231561222e-05
-90.5,0.000983031751582254,0.0002017684131190105,0.0019807551557924196,6.657167421099705e-05
-89.5,0.0014314752757846065,0.0002751224985447731,0.0019098778380232022,0.0005907201090902987
-88.5,0.0015157388883188278,4.7102062682615646e-05,0.0014470606649090662,8.048872832647299e-05
-87.5,0.0013925418051034936,0.00015329549098447916,0.002494586880807485,0.0003715142353761478
-86.5,0.0008437006322297412,3.1431160587186084e-05,0.0016462148918289046,1.4079811570325615e-06
-85.5,0.0019581440443288667,0.0006460507282586744,0.0017546208146183803,0.00015190114509341455
-84.5,0.0016669044080523418,0.00015307155396248386,0.0009668327162685829,5.0653090918620334e-05
-83.5,0.0016456277611720533,0.00023079266827300175,0.0027165495502030827,0.00010825308336248918
-82.5,0.0014448324638292541,0.00013377217832994084,0.002619424427085104,4.3042888178567774e-05
-81.5,0.0021379050307950035,0.00044625714931355304,0.002592444312830903,0.00012136732987329031
-80.5,0.0023382524494132005,0.0004758774777971753,0.0010497313631075938,6.658329974348628e-05
-79.5,0.0015444239307963704,6.096213267448151e-05,0.0027812968921174493,0.000287162278017202
-78.5,0.0023979251125050803,0.00013296006937065676,0.0017384360342630033,0.00027611931387823765
-77.5,0.0019925091520190414,8.039608893269295e-05,0.0018164307004181336,0.0003683840607534146
-76.5,0.001716534185661627,0.00014412255262567672,0.001970700351291893,9.957236283905062e-05
-75.5,0.0020972696209604035,6.830952820739167e-05,0.0026716649741570036,8.147786738243422e-05
-74.5,0.0022491517466532805,2.4023830102605814e-05,0.0020881819265436904,8.535272194739595e-05
-73.5,0.0019196320611412202,0.00012949450584151228,0.0017565873391876474,0.0005542982845958224
-72.5,0.0012470563505826114,0.00022604560168826846,0.002695699411803733,0.000318033556610973
-71.5,0.0021204273584840196,3.2474015898451055e-05,0.0017421140197759134,0.00011899346072527497
-70.5,0.0020293823805669865,0.00010781764622043119,0.0016177619392709684,0.0003634851905350238
-69.5,0.00266882065263317,2.1990153039402946e-05,0.0023881392620944183,8.56436831910856e-05
-68.5,0.0014614775632048192,0.0002299353350843763,0.0014531906407639168,0.00018138769359513142
-67.5,0.0019061852973516523,1.6242179185678323e-06,0.0024747158944463396,0.0003600059270061546
-66.5,0.002393383140745277,0.00016659681048371308,0.002063406959498665,0.00043666630289762294
-65.5,0.001529543955088077,2.6848096072777942e-05,0.0032338124175982936,0.00013635490177215225
-64.5,0.001955188044746495,0.00020120966262637872,0.001222399162038763,0.0001956422110842539
-63.5,0.0008003147655337457,4.327907356816374e-05,0.0009577570638062608,8.843639444017211e-05
-62.5,0.0027492588993669512,6.455328337459587e-05,0.0020256397318384987,0.0001231592765339265
-61.5,0.001968186929811461,5.93921324399542e-06,0.0024658870851167834,0.0002462371743404278
-60.5,0.0026983118768149957,0.00015717051365825868,0.0009616818924519368,7.295990431384534e-06
-59.5,0.0023939205952147997,0.00024747700423503974,0.0025630122082347623,0.00018102697915650638
-58.5,0.002387407957066749,1.544696507343436e-05,0.002816858972568441,0.0004893790506555904
-57.5,0.0038877558064388962,0.0005840830631099271,0.0012258303044189074,0.00021434188009322806
-56.5,0.0023444699690953552,2.2757037769345176e-05,0.002957642676561529,0.00018206262034242454
-55.5,0.003923464550302876,0.00022062890816226151,0.003005958394987753,0.0004023157607749831
-54.5,0.004581876891112554,0.00033721003359686087,0.0018554239232492697,0.0002438168030624557
-53.5,0.002183862202862554,0.00019076993193431596,0.0027413162967552507,0.0006863943662994091
-52.5,0.002577712490202352,0.000654284878424867,0.0025929297786035765,0.000932317328331169
-51.5,0.0023856428333994774,0.00043607077708814225,0.002725131516399874,0.00025837390732775693
-50.5,0.003434770310476741,0.0005443657187972206,0.003152625231702926,0.000609733990407941
-49.5,0.0032764651223807333,0.0003872551400906319,0.0016241387582585846,0.0003725033744321089
-48.5,0.0011664389523589897,0.00016646222985804482,0.002743035978191752,0.00023305317463469128
-47.5,0.0023239995039193496,0.00048242747509313,0.0029630403435109407,0.0001141527181693306
-46.5,0.003552708815972909,0.0003639687732733113,0.002036920531509995,9.536004490044231e-05
-45.5,0.0017484175637251672,7.785460287382995e-05,0.0018863288661491464,1.6325799860958964e-05
-44.5,0.0023447386963301163,1.76830591063177e-05,0.003576934647758599,0.00029825174428612375
-43.5,0.0022340030437102256,0.00015227415572552846,0.0027207212219815245,0.0004568437062585653
-42.5,0.001711186032197541,5.643900311174333e-05,0.0016960034485588643,1.8362205635327584e-05
-41.5,0.003356007611665311,0.00016591138075775538,0.0016113851202833522,0.00035446700663793865
-40.5,0.001418897878213107,0.00018332527861273642,0.0028033730256877697,8.674907757193945e-05
-39.5,0.001868685038589265,9.222929119134242e-05,0.0037687329036526166,6.308078514963865e-05
-38.5,0.003156555950496317,0.00027109137519301055,0.0015314321500518127,0.0001637352913045648
-37.5,0.00320314015277831,0.00010996438385698765,0.003091802718434235,0.00011858624415669288
-36.5,0.002301711132613802,3.107045881481255e-06,0.001981734307830624,0.0003718051966198372
-35.5,0.002971357234821174,0.0003697213723323109,0.0016744210012540756,0.00011344291482456964
-34.5,0.0027019580911255953,1.1266550373675024e-05,0.0028492367537720532,2.8753494091977426e-05
-33.5,0.0024016609025606,2.1996962369389102e-05,0.0021127100504559513,0.00035451350876789575
-32.5,0.0028239906896569645,0.00029270039847007927,0.001758792486396822,0.00019668947780266145
-31.5,0.0025973767736740742,2.7780074935401612e-05,0.0036684152607944004,0.0007821151256384765
-30.5,0.00358850713558181,1.3994650617534429e-05,0.0026101019314900163,0.00034890483520474394
-29.5,0.0042311437432339906,9.203477561400398e-05,0.0020962784269678084,0.0005296757297150287
-28.5,0.0017258868564159937,0.00011728916727522727,0.0018600892812932427,0.000610490295882659
-27.5,0.0016633477694866629,2.8845542361337657e-05,0.001403402084033957,0.00016161750680277127
-26.5,0.0030309403221681335,1.3323931613904614e-05,0.0030199380281339555,0.00047272741295347403
-25.5,0.0031484309489397,0.000234473175369443,0.0029549438430868233,0.0003301702895983021
-24.5,0.001567223365340305,9.374154059891253e-05,0.00247839387995925,0.0005171317801591173
-23.5,0.004052636817196739,0.0002964792554175462,0.0014904724026514097,6.973672543119797e-05
-22.5,0.004776760189290611,0.0004554516077246703,0.0012606600759644602,0.00014153310770174317
-21.5,0.0025489114807487534,9.417361185821811e-05,0.0031320301569291997,0.0005335040821500335
-20.5,0.003967451055982179,0.00033141901963850567,0.0027084530497789652,0.00033606992440514324
-19.5,0.0023215545675753647,0.0006026517847871706,0.0033532522969265,0.000488331783937183
-18.5,0.003014806286030955,0.00026320674921978293,0.0035759554957203944,6.981778122716505e-06
-17.5,0.003287851644037133,5.065589054573097e-05,0.0031624414135635447,0.0002879302090244093
-16.5,0.0037197132533777055,0.0003212326474130952,0.003312292549526097,0.0005823303498105498
-15.5,0.0031576940439491464,0.00027478659301178026,0.0017406411814721778,8.148949291492346e-05
-14.5,0.004982724488607655,0.000297707632851451,0.003267901659745549,0.00026634482450643465
-13.5,0.004253495299053323,0.00031413861034683654,0.0027160558639375515,0.0003974633926865494
-12.5,0.0042488637515486,0.0002939819015256681,0.0027148298687665814,0.00034508810830222836
-11.5,0.004316392688962336,0.00017177485626539623,0.0032683953460110804,0.0002393716515426042
-10.5,0.003999065706810958,0.0005938362720136755,0.0032198327844520907,0.0002067665539506432
-9.5,0.0032803536726949585,0.00046186021506497,0.003515132982451704,0.0004981295243739646
-8.5,0.002522887319387686,0.0004247511010927832,0.0038744399929673866,0.00036449758065596334
-7.5,0.005782976069627615,0.000366651649287829,0.0027057542163042595,0.0004841775936610208
-6.5,0.0038617052538466937,0.00046761281412396964,0.002007241583781089,0.0004078779322081777
-5.5,0.0046157941200781274,0.00029584476718855956,0.0037844322182353208,0.00031984875433658795
-4.5,0.00391310015512325,0.0006219364496973854,0.002796749363567388,0.0001570909765554947
-3.5,0.0037321746839731494,0.000597383290546805,0.0034812823629443556,0.0001629789858298469
-2.5,0.004672626750563691,0.00034900482095615417,0.0031504200844937515,0.0002521251836147797
-1.5,0.004553792487618319,0.0003034081983511228,0.0026410068743898925,8.87622322813293e-05
-0.5,0.004926044618380797,0.0009387059024994121,0.0034150621827262534,3.195342190964634e-05
0.5,0.0035846553785502345,0.0005656467379336392,0.003729492837688715,0.0002962618406417121
1.5,0.004139023856377913,0.0003291387934386369,0.003817542308344372,0.00022238255046684133
2.5,0.00455406121485308,0.00026296810147545963,0.0030930287136052056,0.00017096152854101357
3.5,0.002752367659208028,0.00031387054115785627,0.004345600509638406,0.0008429150459000144
4.5,0.005015324472630558,0.00041184453001585593,0.0036632726574706126,0.0004911942483812053
5.5,0.004676004237639529,0.0005578819818637511,0.0022709045299753863,0.00018143419572508863
6.5,0.00233054893535005,0.0006834052993051711,0.003301258592987366,0.0001109527903516617
7.5,0.0031747870220493134,0.0005710939449666586,0.0020408453601556712,3.72339971114254e-07
8.5,0.0034681500849727915,0.00016956927573952578,0.004044655801556616,2.4784989404188646e-06
9.5,0.0037179217384792984,0.00059083329325085,0.004360312451690047,0.0002144116332881636
10.5,0.0035834013181213495,0.0007543671900200673,0.0022709045299753863,0.00018143419572508863
11.5,0.003641577584780718,0.0006053267594093457,0.00180318337617737,0.00011929604750145369
12.5,0.0037228220132187826,0.000570549905196355,0.0026169724367431637,0.00014779345694720947
13.5,0.005401945515862943,0.0003190938111688805,0.003689759085459282,0.00014988799038402454
14.5,0.00255175151335507,0.000383930966517142,0.004362270755766456,0.000396055411529517
15.5,0.005572622558809474,0.00045161390788788934,0.003194325508501626,0.00024283928953898367
16.5,0.0030768079184907635,0.00025564331805722,0.002385934114885244,0.00027196512360207567
17.5,0.0031139498742734696,0.00040341695633468096,0.0037113415327640707,1.8082869924127475e-05
18.5,0.0026805654772692512,0.0003620007484294089,0.003967401664799782,0.0006687884661387999
19.5,0.001490431332917123,0.00017563516821684727,0.003799144160286962,0.00030865465827526286
20.5,0.00444341513797811,0.00041944528401541796,0.002299357482533323,0.000546327367417145
21.5,0.0034505828369168876,0.0006617804732434177,0.0033405068794441256,0.0008463710583639047
22.5,0.005142167770156492,0.0006864750223496527,0.004223700419475401,0.0002556858258710739
23.5,0.0058061074159200966,0.00045525028281734537,0.002536525780246093,0.0001602792788406744
24.5,0.0016773951722595382,0.0007257829075177243,0.0028862716725267805,3.048731309016717e-05
25.5,0.003617344938318058,0.000666303602806156,0.003653703318742759,0.00015361171302662567
26.5,0.005147336772130737,0.0006257515374194954,0.0036787169084276927,0.0006954009246640051
27.5,0.0032845373414750797,0.0005494170853455777,0.002544375437537445,0.0003517440485837875
28.5,0.005508291956981735,0.0008096581786395344,0.0014291562031171876,5.5167995633407515e-05
29.5,0.003308232533468218,0.0005693204357000943,0.0022299447825749833,8.743562985172181e-05
30.5,0.0036686502638496946,0.0008341072706714596,0.0030064520812532842,0.00010340071527405543
31.5,0.005473542155080744,0.0010190420564804355,0.002159799773711205,0.00018663565271965818
32.5,0.0036536175278826955,0.000227759176003163,0.002203211511453548,0.000175883649824383
33.5,0.003402386271226328,0.0007432940631613745,0.0032637299879671074,0.0006149354474025105
34.5,0.003011850286448583,0.0007080478148520789,0.0030792959235917683,0.00015230836166199663
35.5,0.0051536438675578115,0.001110906020694128,0.0033549719783630017,3.499059227246512e-05
36.5,0.00467750063407204,0.0010498398209009914,0.0021759845540665823,0.00024138480625199405
37.5,0.002107581233677759,0.0005313618899316239,0.003436150943765511,0.0006055681745992896
38.5,0.00422603792577353,0.0008603966162516054,0.004011052025182033,0.00040577177323887335
39.5,0.0037418856577071976,0.0005702965467297032,0.0026054447939389013,0.00011345454035705903
40.5,0.002227400829817255,0.00042867815732589026,0.003429041815872456,3.845823026884491e-05
41.5,0.0033543688570256093,0.0007978475884955557,0.002915703777122921,2.9172336193048906e-05
42.5,0.0038149155088437244,0.0010545642753710535,0.002447250314419466,0.00028653385339986613
43.5,0.004109416665220032,0.0011989175743487117,0.0026118216129265175,0.0001044363564599739
44.5,0.003756828817929276,0.0011901246736898878,0.0014745344654287982,0.0007506154224273696
45.5,0.0029330875876371534,0.001086502152891544,0.002280959334475913,1.529015867504081e-05
46.5,0.0027631271506499853,0.0008461417978374333,0.003380232411180701,0.0003239215658853249
47.5,0.004200640794626905,0.0010966138794429566,0.0025654641985767028,0.0002857775479251481
48.5,0.003621976485822781,0.0006864603116273248,0.0023778376144611263,0.00017235788416555706
49.5,0.0046154990016122315,0.0010574032520635544,0.0032110039751225344,0.0003205353066163703
50.5,0.003907304122934562,0.0007770201606707574,0.0030042469340441098,0.00046100952206721673
51.5,0.0032556731475076968,0.0005902372199212189,0.003640217371862088,0.00042251641520090383
52.5,0.0031166107553899447,0.0007201343755773802,0.003232586422427323,0.00018873018615647293
53.5,0.002581753800775283,0.0008889888001462912,0.0024950805670730164,0.0008772307114251863
54.5,0.0025700089761392015,0.0005049978986774794,0.0027194952268105544,0.0005092189906428861
55.5,0.0038699830156620155,0.0006562065869770718,0.0018058822096520756,2.881162175442373e-05
56.5,0.006697772679888286,0.0018115023728946412,0.0031401266573533168,0.0009778270899176659
57.5,0.0022546526603760718,0.0006304986040042284,0.0025689035614497053,0.0006209048354042873
58.5,0.004359752164427196,0.0008181830101093783,0.00290344382541322,0.0005529251800362577
59.5,0.004828039123591111,0.0013443736635893049,0.0040912600590391965,0.0006455506413500598
60.5,0.0027209057686379545,0.000745611612198242,0.0021318405074188,0.00032745895707664036
61.5,0.003639248615412789,0.0009558075989984275,0.003090091257490592,0.000744739038685507
62.5,0.004854063284952179,0.0010137961743547398,0.0030322062003365147,0.0003201862177102345
63.5,0.002590569017060127,0.0009967023792480673,0.004770642234599518,0.0005963055315884723
64.5,0.004272174249330922,0.0010889237690470675,0.0025850883418050826,0.00019288437643263508
65.5,0.0029418132281770776,0.0012076957642852076,0.002730776026482051,0.0002906996692085175
66.5,0.0027848516762548755,0.0011626058586134802,0.0024997377046241313,0.0004148713358633834
67.5,0.003466332178843249,0.0011602883095766122,0.0027474544931029594,0.00036839568628590385
68.5,0.003819815783583209,0.0010342808873165595,0.0028718065736079044,0.0008508743375462026
69.5,0.0027772009446539957,0.0008796518597171637,0.0031246741859033787,0.0008477557884559589
70.5,0.003676659298430256,0.0010631411404002256,0.00225962373030389,0.00039995351715945717
71.5,0.005132251253701467,0.0014616402187498617,0.002400407434296978,0.000707269947472623
72.5,0.002276287610236042,0.0009604426970721632,0.002440626652299084,4.269379927243198e-05
73.5,0.0043386282778056125,0.0011284771112894483,0.003108974871320675,0.0004648262489697323
74.5,0.005085846202909315,0.0012735531628300636,0.002123258541222009,0.0006940859477668864
75.5,0.003683351088068147,0.0007732571065079755,0.0023719544817390414,0.0003423767757805666
76.5,0.0025492433924973,0.0007613718706899988,0.001962118385095102,0.000466199353529297
77.5,0.0034865603080156287,0.0009847945313154196,0.002481586399699487,0.0001366923651457988
78.5,0.003895174604087665,0.001168067776368828,0.0018689180906227992,0.0004967215432169321
79.5,0.002567411279536511,0.0008959188351422241,0.004115294496685925,0.00040899495212152104
80.5,0.0036605516535242128,0.0006185534332345818,0.0026248220940345156,0.0003392582266903229
81.5,0.0016494267357413579,0.0006318027191744881,0.0021200660214817715,4.026180246197034e-05
82.5,0.0032298281376364696,0.0008938546445720083,0.0029998284191329024,0.00014043933885337872
83.5,0.0025074698892098707,0.000593441523591369,0.0025544302420379716,0.00018560001153374
84.5,0.0039879215211581845,0.0008366035325009811,0.0024038385766771224,0.000297285856295141
85.5,0.003441857196376963,0.000540586861849754,0.0015363361307356932,4.576584623271875e-05
86.5,0.0039545153554309985,0.0008437869259635664,0.003450624263177245,0.00017026335072874198
87.5,0.0030210238057131094,0.0007618412647863036,0.0030194525623612823,0.0003382225855044048
88.5,0.0034589501744771304,0.0008368942138046327,0.001978550008583245,0.00029103713258216406
89.5,0.004262642427086715,0.0010890504482803933,0.0018093133520322205,0.00038117246942305825
90.5,0.0037609229109644773,0.0012911615762623823,0.0034368914731638077,0.00015300653947426855
91.5,0.0019591661708056405,0.0006344256602373358,0.0024688327617242546,0.00015472873293996905
92.5,0.0028239642984258296,0.001013818786469411,0.002535052941942357,4.020367479952419e-05
93.5,0.0032628760003839746,0.0009405913802769744,0.003037603867285926,0.0006164015562219894
94.5,0.0021502504944143916,0.0005644919141113763,0.0038033158320654034,3.9935964620813005e-05
95.5,0.005825323820667217,0.0011491552477662494,0.0024011397432024163,0.00014917818703926342
96.5,0.003371282683635936,0.0011211150050342096,0.001745792005288824,3.8132392427687575e-05
97.5,0.003723153924967329,0.001237748164028136,0.002564978732804029,0.0005251724505327308
98.5,0.004086258927696416,0.0010981340302428691,0.0025689035614497053,0.0006209048354042873
99.5,0.006055072887722319,0.0009978345909556598,0.0018414442901030672,0.00017340515088396443
100.5,0.0022867151899294527,0.0008255156949199598,0.0018762740616486198,0.0001824698369110068
101.5,0.002822020023268717,0.00058926110889161,0.0032235107699650012,4.96407007976808e-05
102.5,0.0021316347286505785,0.0004973451111185895,0.0032441140652315855,0.00022306910274662368
103.5,0.001645332642706157,0.0005307658166019932,0.003606860438620271,0.00026712438104613116
104.5,0.005238086631581873,0.00131196639197251,0.002223074277321836,0.0004092626623002318
105.5,0.0026587881692020903,0.001487773463652025,0.0031001460619911186,0.0005785950016354591
106.5,0.0025285673846003184,0.0010042658104106304,0.004380183438051193,0.000945931795670466
107.5,0.003999487194304425,0.0012475544985535688,0.0026491033748140104,0.00035556077548630315
108.5,0.003191432121424879,0.0009348014583809757,0.00404440895842385,0.00025037973908410073
109.5,0.004797678533191217,0.0008932359591277069,0.002729303188178315,9.021671556831893e-05
110.5,0.003475505698107775,0.001214081759510837,0.0015731242063576549,0.00030035790325542793
111.5,0.0030220987146521534,0.0006000808772836507,0.0020685577833153106,0.0003933092024103872
112.5,0.004000382951753628,0.0011127541756346907,0.001666818187095489,0.00017483638310597562
113.5,0.007410267194322131,0.0014448439142768256,0.0011645141048846857,0.00022891060989101852
114.5,0.005980404281946091,0.00147732583156762,0.0024788875662247814,1.1415304110078767e-05
115.5,0.006162135934800476,0.001380558700091211,0.0017712992812392889,7.420512801602807e-05
116.5,0.004409534702295187,0.0012151472269367736,0.001294017009206277,0.000296925141856516
117.5,0.0046523090456463915,0.000537978631509235,0.0014649651267009448,0.00010580946101953847
118.5,0.002044862995258587,0.000646765579429289,0.0009398526020143823,0.00011375712713323759
119.5,0.0026484765564847345,0.0008881020455130089,0.0016501397204745807,9.714036602858928e-05
120.5,0.004893086331378213,0.0008784891345025585,0.0014943972312970856,0.0001654691103027547
121.5,0.0032190422549633778,0.0010827017758917629,0.002357234319194542,0.00034578628611449993
122.5,0.002256955238512866,0.0010011361524144787,0.0012187211765258524,0.0003527680642372166
123.5,0.003203624824785562,0.0012513921983903487,0.001550809450147427,0.0003895389776378287
124.5,0.003959684357405243,0.0007830634410334082,0.00105610818209521,7.560148364057141e-05
125.5,0.003435971588443355,0.0007091506051150143,0.0022309239346131877,0.00021779789255711848
126.5,0.004536852269776857,0.0007012591698118006,0.0030290136805962774,0.0003336379275946819
127.5,0.004873843535399956,0.000905702557552986,0.0022731096771845608,0.00017617461106807263
128.5,0.005036126849555109,0.0015842273017101114,0.00154761693040719,0.0002642851676670874
129.5,0.002953315716809533,0.0009110083746303515,0.0024864903803833677,7.280877239148489e-05
130.5,0.00587851023684218,0.0010338782375019103,0.0040287096438411454,0.0006333092785703273
131.5,0.004787698832222408,0.0009607627998204713,0.0015591445732114522,0.00022994625107693683
132.5,0.0037068671285714447,0.0008201205214462675,0.0024389069708625824,0.00041064739239228586
133.5,0.004140251525575663,0.0008615367293515401,0.0013626891797663197,2.7578346516188208e-06
134.5,0.0010802046734365207,0.00023500250441741802,0.0020153380842052064,3.644507555945475e-05
135.5,0.00492311501002956,0.0006624285801323763,0.0017173390527308876,0.0004030255641197439
136.5,0.003734055774616477,0.0003143026124171618,0.0021465524494704413,0.0003010444555352103
137.5,0.005196966549740022,0.0003285574308313345,0.0014173817171801596,0.0002320291589812625
138.5,0.005348042493728616,0.0005422110797683215,0.0012442284524763173,0.0003166953286488761
139.5,0.004641702314463139,0.000699865698245214,0.0011365548385922804,8.808730553403632e-05
140.5,0.002513355497143479,0.0004248777803261091,0.0015324113020900173,0.00014149823110427533
141.5,0.0015318465332248708,0.00039748564448302803,0.0014786979167143817,0.0002174604291834719
142.5,0.004185697634404827,0.0004767857524827719,0.002054824993301874,7.003931220737669e-05
143.5,0.002396581476331275,6.924041500765916e-05,0.00149415038816432,8.738912772176457e-05
144.5,0.003648090222928769,0.0003424027901008719,0.0013921212843624605,5.690181463159741e-05
145.5,0.004079530344775875,4.073867957165669e-05,0.0014176285603129254,2.082907904325691e-05
146.5,0.004032292721048304,0.000613612943134866,0.0017497168339345,5.7599992443869e-05
147.5,0.0021794729913614565,0.00046975165036818376,0.0027089467360444965,0.0001696465516438953
148.5,0.001246429320368169,0.00032040582773148265,0.0014625131363590045,0.00021056002978818032
149.5,0.002905862148309472,0.00016356331821387464,0.0027567687682051893,0.0005563230648377018
150.5,0.002772864515615169,9.793666602100006e-05,0.001981734307830624,0.0003718051966198372
151.5,0.0014287880034369958,0.0001292784702118595,0.000956284225502525,0.0002889193480803705
152.5,0.0008386212060004163,1.5812292051084126e-05,0.0022132580954612167,0.0013069268617325821
153.5,0.003150401615327948,6.208753505208774e-05,0.001620460772745674,0.00021537752127914623
154.5,0.001332842750780479,0.00022490548858833403,0.0014097789030215733,0.0001706356906998564
155.5,0.0005146288254422827,6.639353692281695e-06,0.0014813967501890876,6.935275992759433e-05
156.5,0.002188225023132516,0.00013017312623748398,0.0015630694018571281,0.0001342138662053801
157.5,0.0015249124075833536,6.691387251609306e-06,0.0018144641758488667,0.00033781536893582237
158.5,0.0032698629084877626,0.00011085113849027025,0.0020543313070363425,0.0005757557882564154
159.5,0.0020171896772063036,0.00020877309378894166,0.0011838914049803,3.1069235577546154e-06
160.5,0.0011297448753008856,4.871156987885498e-05,0.0010649369914247663,0.0001893702363062983
161.5,0.002340644603294915,0.00011871996167881286,0.0015628225587243625,0.00038707210422989937
162.5,0.0015356982902564463,0.00018215574406814532,0.0010315800581829496,0.0003447622704610711
163.5,0.0012207898532179185,0.00012405520020083497,0.0015127871588616372,0.0006201601554620586
164.5,0.0008432527535051394,3.596900087225269e-05,0.0013445378748416755,0.0002809368053692036
165.5,0.0011300136025356466,8.915166675451816e-05,0.0005810310572713726,6.208002056118841e-05
166.5,0.001836085054566362,0.00020636618835574705,0.0009474554161729685,0.00017515059541464364
167.5,0.0016670203750283976,0.0005815268663287355,0.0010276552295372735,0.0004404946553326278
168.5,0.0007488302885122684,9.756452971336444e-05,0.0019694661356280648,0.0011647188272835458
169.5,0.0017618907187458704,0.000515393497202557,0.0011390068289342209,0.000192837874302678
170.5,0.0015721500313109244,0.0006476602354549137,0.0007267187419483412,3.573527221469393e-05
171.5,0.0006541390962846362,0.00019065796342331823,0.0013673463173174345,0.0004651172102134216
172.5,0.0006451447285099509,0.00027141147794131873,0.0005334476477505877,0.00039991864056198933
173.5,0.000407297051129366,0.00033564465856760655,0.0006408744185018589,0.00024799424440359624
174.5,0.0019135305084351216,0.0011037384300162279,0.000872891892397983,0.0006773994334673025
175.5,0.0017812494817001814,0.0012772053405442037,0.0004392682012400802,6.416292846551407e-05
176.5,0.0014848672346805464,0.0011384779613922192,0.0005601809188720227,0.0004883666605346507
177.5,0.00028747745498987,0.0002329609259618729,0.0008983991683484478,0.000713472169055643
178.5,0.0008292949264771849,0.000732139481298697,0.0006980189462576392,0.0005820161375018817
179.5,0.0008629698194391321,0.0007797629716369452,0.0008459117781437823,0.0008418096515191605
180.5,0.0006771440735495467,0.0007840327427330314,0.0010845529141602882,0.0010273747864554324
181.5,0.0004172767520981752,0.00040317149926037124,0.0014710868820629374,0.0014727334354089833
182.5,0.00020142232755724176,0.00019138071598627531,0.0005702357233725492,0.0006545106975846985
183.5,0.0011223892621659017,0.0010932240536501664,0.0007453555126456586,0.0004970357555256
184.5,0.000989391629471599,0.0011588507058430406,0.0006825664748077009,0.000712087438963589
185.5,0.0006432900290977586,0.0007094491878110075,0.0012351445795211373,0.0011390606312168337
186.5,0.0004463200975553994,0.00047095169841978815,0.0006430795657110335,0.0006056030511967574
187.5,0.0008261861666361075,0.0009814567390819572,0.0010320655239556228,0.00115571226891895
188.5,0.0022284021521909994,0.0025905957175903133,0.0005498792712387304,0.0005750808615091222
189.5,0.00043260460653107044,0.0005583818894670694,0.0004988647193378007,0.0005029353903324413
190.5,0.001162397641786059,0.0013768114487131132,0.0005766125423601655,0.0006635288814817837
191.5,0.0007204403645006219,0.0008452629445964933,0.0004951867338248904,0.0003458095371794786
192.5,0.00020668090527640743,0.00026558423320832095,0.0009925786148589552,0.0010492278811521183
193.5,0.0007354994916987562,0.0009600332379275284,0.0008189316638895817,0.0010062198695710183
194.5,0.00042734602881190485,0.00048417837224502385,0.001065175614064674,0.0012531784727886964
195.5,0.0017925992100739313,0.0022680510536146163,0.0007627662881720058,0.0009774314988815732
196.5,0.0007060082675169302,0.0008248528773086727,0.00043509652946163854,0.00041275355136159003
197.5,0.0009227584495070672,0.001171443983501646,0.00042356888665737624,0.0004470924679517407
198.5,0.0003310424731757062,0.00033463122470099815,0.0010460451571018253,0.0012261239210974411
199.5,0.0003700655196017396,0.0004699382645531798,0.0005805373710058414,0.000567796496610227
200.5,0.0006633390067802974,0.0008579829014884248,0.0008714190540942472,0.000877882387107501
201.5,0.0007396831604788776,0.000872476367646921,0.0008638162399356609,0.0008164889188260949
202.5,0.00032204810540102094,0.00041538473921899865,0.0006467575512239439,0.0007627289043497201
203.5,0.0007016454472469681,0.0008854496830055045,0.00042994570564499246,0.0004561106518488258
204.5,0.0007883276048940387,0.0010213901190243163,0.000533200804617822,0.0006527768785865087
205.5,0.0005959892208564027,0.0007627359208119283,0.00036225268712315425,0.0004616611977495312
206.5,0.00022111300226009917,0.0002859943004961416,0.0009925786148589552,0.0010492278811521183
207.5,0.0012447169791631677,0.0015733486904287572,0.0004120412438531139,0.0004814313845418913
208.5,0.0002304656730144659,0.00025916091514569217,0.0007348070218796008,0.0008366081945245908
209.5,0.0005188388854535395,0.0006269221640264426,0.0003801571489150328,0.0004363404650564657
210.5,0.0003316695033901487,0.0004289914507442124,0.0003315945873560433,0.00046894556264842646
211.5,0.0016294833229833603,0.002104137119145421,0.0005013167096797409,0.000607685959101083
212.5,0.0007204403645006219,0.0008452629445964933,0.00032669060667216284,0.0002594444251111429
213.5,0.0008989736817690087,0.001177867301564275,0.0012093904604379066,0.0013558461336530124
214.5,0.0008656570917867427,0.0011841639403935777,0.000537125633263498,0.000557044493714952
215.5,0.0008987049545342476,0.0011374272046886116,0.00030608731140557843,0.00043287282706008594
216.5,0.00046128964900861327,0.0005722419594589354,0.0006109486276401867,0.000813370369735851
217.5,0.0005432506834060404,0.000714859072007028,0.00042994570564499246,0.0004561106518488258
218.5,0.00036543397209701646,0.0004900949733743484,0.0004669806243997196,0.0004578444708470156
219.5,0.0005673937541237804,0.0007623558831119503,0.0007894995592934408,0.0010658795188542346
220.5,0.00029336306292347816,0.00040152466922713275,0.0005280499808011759,0.0006961339790737444
221.5,0.0005867261258469563,0.0008030493384542655,0.0006786416461620249,0.0008078198238351456
222.5,0.00025469831947712616,0.00032013775854250215,0.00038653396790264903,0.0004453586489535508
223.5,0.0002595985942166104,0.0003404211465969968,0.0010548739664313818,0.001339892673763168
224.5,0.0002834729376995893,0.00034747786082625577,0.0006237022656154192,0.0008314067375300212
225.5,0.00015866349107568868,0.00021103070787413977,0.0007311290363666904,0.0006794823413716281
226.5,0.0008989736817690087,0.001177867301564275,0.00046943261474165985,0.0005625950396156574
227.5,0.0005722940288632646,0.0007826392711664449,0.0009172827821785309,0.0009933849587714177
228.5,0.0001395102708423534,0.00019729731711559992,0.00030878614488028433,0.0002847651578042084
229.5,0.0007692639604056239,0.0010211367605576643,0.00036102669195218416,0.0004092859133652103
230.5,0.0008121123726320972,0.0010149668009616876,0.00021558585040798127,0.00025424296811657335
231.5,0.00035554384687312755,0.0004360481649734714,0.00012631038458135423,0.00012798839355738158
232.5,0.00021158118001589167,0.0002858676212628156,0.00027052523095458703,0.00023065605442169768
233.5,0.00015866349107568868,0.00021103070787413977,0.00012115956076470813,0.00017134549404461736
234.5,0.0007934966068682841,0.0010821136039544743,0.0004809602575459222,0.0005282561230255067
235.5,0.00044739500649444366,0.0006327120859224412,0.0006600048754647075,0.0002750487960948516
236.5,0.0005526033541604072,0.0006880256866565786,0.00037647916340212244,0.00027921461190350303
237.5,0.0002162127275206149,0.000265710912441647,0.0002271134932122436,0.0002199040515264227
238.5,0.00016819531331989612,0.00021115738710746578,0.00017217411266563787,0.00024349096522129836
239.5,0.00027884139019486605,0.0003676345696474243,0.0005140703476549733,0.0006257223268952533
240.5,0.0005192867641781412,0.0006943223254858812,0.0002589975881503247,0.0002649949710118483
241.5,0.00030280530942276525,0.000388171316168571,0.00024231912152941626,0.0003426909880892347
242.5,0.0001393311193525127,0.00017033725253182445,0.00023471630737082993,0.0002812975198078287
243.5,0.00031732698215137736,0.00042206141574827955,0.0001900785744575164,0.00021817023252823284
244.5,0.00017781671130902396,0.0002247640986326796,0.0005344267997887921,0.0007051521629708296
245.5,0.0003943877418093203,0.0005443951402418776,0.000146666836715173,0.00020741822963295787
246.5,0.0005099340934237744,0,0.00016579729367802165,0
247.5,0.00021630230326553522,0.0002791909447335347,0.00020405820760371896,0.000288581884706724
248.5,0.000264319717466254,0.0003337444700677159,3.188409493808109e-05,4.509091948542562e-05
249.5,0.00014423139409199695,0.00019062064058631908,7.652182785139461e-05,0.00010821820676502149
250.5,0.0005869052773367971,0,0.00020405820760371896,0
251.5,0.00043741530552563444,0.0005651852452296764,4.463773291331352e-05,6.312728727959587e-05
252.5,0.0005381712571767154,0.0006676156193687579,0.0001135567466061218,0.00010995202576321135
253.5,0.0005916264005864406,0.0008233327265087602,0.00014544084154420288,0.00015504294524863697
254.5,0.00033184865487998947,0.0004559515153279879,0.00012115956076470813,0.00017134549404461736
255.5,0.00026939914369557895,0,0.00012753637975232435,0
256.5,0.0001682848890648165,0.00022463741939935354,0.00013391319873994056,0.00018938186183878761
257.5,0.00015385279208112476,0.00020422735211153285,0.0001084059227894757,0.0001533091262504471
258.5,3.367489296194737e-05,4.762349033824826e-05,0.00018762658411557618,0.00011341966375959107
259.5,0.00010093510314092177,0.00012939043872285704,0.00013906402255658667,0.00014602476135155184
260.5,5.7728387934766925e-05,8.164026915128273e-05,0.00011993356559373801,0.00011897020966029647
261.5,9.612440414635785e-05,0.00012258708296025012,1.2753637975232435e-05,1.803636779417025e-05
262.5,0.00015385279208112476,0.00020422735211153285,0.0001084059227894757,0.0001533091262504471
263.5,0.00011064607687496993,0.00015647718253995854,9.442628964327315e-05,8.289747407195597e-05
264.5,0.00010583537788040602,0,0.00020405820760371896,0
265.5,0.00010574580213548566,0.0001361937944854639,3.188409493808109e-05,4.509091948542562e-05
266.5,0.0002309135517390677,0,0.00010202910380185948,0
267.5,3.8396016211590924e-05,4.09468138089674e-05,7.529583268042449e-05,5.5842922380700605e-05
268.5,0.00011064607687496993,0.00015647718253995854,4.3411737742343406e-05,1.0752002895274982e-05
269.5,6.244951118441049e-05,7.496359262200188e-05,8.804947065565693e-05,7.387929017487086e-05
270.5,8.160273141774576e-05,8.869698338054169e-05,1.9130456962848652e-05,2.705455169125537e-05
271.5,3.830644046667057e-05,2.7466781517079656e-05,4.3411737742343406e-05,1.0752002895274982e-05
272.5,3.367489296194737e-05,4.762349033824826e-05,3.065809976711097e-05,7.284364898895266e-06
273.5,3.8396016211590924e-05,4.09468138089674e-05,8.927546582662704e-05,0.00012625457455919174
274.5,1.924279597825564e-05,2.7213423050427577e-05,6.254219470519206e-05,3.7806554586530355e-05
275.5,1.4432096983691731e-05,2.0410067287820684e-05,4.9788556729959624e-05,1.9770186792360105e-05
276.5,0.0,0,6.376818987616217e-05,0
277.5,1.4432096983691731e-05,2.0410067287820684e-05,3.703491875472719e-05,1.7338189981898583e-06
