Base index,dsDNA_2#TOP,dsDNA_2#BOT
1,20254,107554
2,319,3877
3,364,557
4,130,297
5,155,667
6,130,77
7,55,60
8,12,22
9,10,68
10,3,16
11,6,23
12,5,9
13,2,57
14,3,20
15,2,24
16,12,16
17,4,15
18,3,23
19,2,16
20,3,38
21,2,19
22,2,16
23,7,31
24,3,7
25,3,7
26,2,10
27,12,7
28,1,10
29,8,4
30,4,4
31,0,18
32,0,30
33,1,7
34,0,5
35,2,4
36,2,5
37,1,24
38,0,8
39,1,8
40,1,5
41,2,6
42,3,13
43,3,4
44,2,4
45,5,32
46,5,9
47,6,8
48,1,15
49,2,8
50,2,12
51,4,11
52,0,7
53,10,13
54,3,12
55,1,7
56,3,5
57,1,6
58,5,31
59,1,11
60,6,6
61,8,14
62,4,6
63,4,10
64,2,36
65,7,9
66,4,10
67,4,8
68,3,7
69,8,7
70,6,11
71,5,13
72,8,14
73,4,16
74,3,13
75,5,8
76,7,24
77,7,10
78,4,4
79,1,16
80,2,27
81,9,7
82,5,19
83,2,15
84,4,15
85,5,15
86,12,24
87,2,25
88,4,20
89,3,17
90,8,25
91,4,20
92,3,27
93,11,21
94,11,21
95,3,13
96,4,18
97,5,31
98,16,39
99,8,25
100,7,27
101,2,27
102,12,36
103,3,27
104,7,31
105,5,26
106,4,29
107,6,32
108,21,38
109,4,43
110,15,31
111,9,36
112,7,55
113,13,32
114,8,31
115,21,42
116,5,53
117,10,23
118,7,46
119,8,29
120,7,50
121,9,57
122,11,13
123,7,36
124,13,9
125,9,39
126,10,51
127,8,26
128,13,42
129,16,35
130,4,59
131,14,59
132,8,37
133,9,53
134,15,48
135,16,41
136,22,35
137,12,50
138,16,36
139,16,36
140,18,49
141,24,48
142,20,9
143,14,60
144,13,57
145,19,49
146,14,23
147,17,67
148,12,75
149,12,37
150,23,32
151,18,78
152,21,51
153,7,49
154,13,66
155,14,67
156,10,19
157,25,58
158,16,33
159,14,57
160,36,92
161,31,60
162,31,48
163,22,32
164,19,46
165,35,39
166,21,23
167,19,37
168,10,33
169,22,47
170,13,51
171,17,46
172,19,34
173,22,30
174,19,48
175,35,41
176,28,57
177,28,23
178,24,44
179,25,42
180,16,63
181,38,66
182,32,62
183,36,36
184,38,22
185,33,40
186,32,52
187,19,50
188,13,43
189,46,40
190,27,26
191,28,49
192,31,22
193,47,23
194,44,20
195,42,14
196,39,48
197,30,15
198,54,51
199,48,72
200,44,28
201,45,45
202,52,90
203,69,67
204,36,50
205,71,46
206,51,56
207,53,46
208,52,29
209,45,25
210,54,91
211,49,57
212,55,73
213,62,46
214,80,57
215,72,50
216,74,24
217,65,77
218,79,58
219,71,100
220,96,43
221,46,77
222,73,78
223,63,76
224,55,101
225,100,102
226,46,67
227,100,75
228,86,98
229,92,86
230,128,88
231,108,60
232,64,77
233,101,70
234,114,81
235,118,102
236,129,114
237,108,48
238,128,67
239,129,103
240,73,94
241,137,111
242,89,94
243,76,139
244,110,84
245,47,124
246,167,152
247,177,109
248,97,110
249,143,50
250,150,95
251,100,139
252,71,73
253,104,84
254,196,79
255,128,70
256,77,54
257,98,55
258,127,32
259,101,50
260,102,78
261,97,77
262,124,36
263,89,54
264,131,65
265,157,42
266,136,77
267,87,46
268,159,46
269,188,28
270,157,78
271,143,74
272,193,70
273,212,28
274,159,72
275,244,54
276,205,58
277,171,57
278,217,73
279,240,60
280,213,60
281,149,69
282,227,51
283,223,38
284,281,65
285,172,37
286,202,62
287,241,49
288,164,93
289,192,38
290,88,25
291,296,59
292,208,64
293,274,27
294,235,68
295,254,69
296,368,30
297,250,79
298,399,76
299,460,47
300,217,63
301,224,54
302,220,71
303,323,76
304,318,38
305,136,72
306,210,85
307,349,55
308,191,53
309,247,94
310,248,85
311,177,47
312,343,38
313,164,80
314,191,104
315,314,46
316,331,84
317,244,48
318,287,49
319,287,79
320,256,66
321,321,53
322,273,87
323,379,66
324,455,69
325,174,64
326,174,36
327,320,75
328,351,76
329,173,59
330,407,43
331,540,38
332,277,98
333,445,69
334,291,84
335,339,100
336,352,94
337,418,81
338,355,47
339,550,86
340,474,68
341,472,69
342,470,96
343,468,94
344,382,108
345,299,101
346,585,66
347,444,48
348,511,112
349,461,75
350,440,94
351,521,83
352,505,72
353,592,96
354,422,110
355,463,111
356,502,83
357,315,138
358,562,112
359,537,67
360,298,90
361,379,57
362,380,113
363,438,126
364,436,67
365,431,48
366,437,76
367,596,106
368,299,114
369,624,94
370,345,72
371,360,104
372,311,124
373,171,100
374,502,75
375,415,110
376,596,123
377,649,74
378,232,80
379,433,99
380,592,89
381,389,78
382,644,41
383,393,64
384,451,86
385,656,64
386,404,65
387,416,79
388,372,89
389,629,93
390,574,56
391,263,84
392,512,104
393,439,75
394,268,95
395,415,82
396,483,74
397,525,75
398,487,56
399,392,64
400,356,88
401,527,66
402,435,63
403,568,96
404,472,93
405,389,110
406,384,94
407,340,87
408,310,86
409,459,51
410,845,107
411,286,84
412,523,92
413,612,127
414,344,66
415,457,101
416,590,91
417,349,145
418,534,76
419,402,82
420,382,78
421,454,84
422,482,97
423,360,104
424,469,71
425,653,81
426,313,69
427,544,96
428,634,73
429,448,73
430,327,64
431,443,72
432,500,62
433,339,123
434,434,80
435,222,60
436,409,81
437,310,75
438,485,73
439,405,42
440,482,93
441,377,91
442,429,61
443,533,43
444,495,99
445,255,72
446,375,70
447,416,97
448,270,107
449,703,70
450,441,48
451,487,82
452,515,84
453,716,48
454,304,56
455,343,91
456,263,95
457,214,106
458,653,54
459,393,98
460,343,141
461,517,81
462,408,108
463,575,78
464,459,38
465,365,50
466,507,50
467,893,28
468,744,69
469,756,48
470,558,42
471,533,43
472,265,24
473,347,48
474,584,45
475,422,59
476,314,41
477,433,51
478,478,28
479,417,58
480,533,78
481,584,60
482,652,38
483,381,68
484,700,100
485,579,39
486,454,60
487,503,38
488,132,57
489,571,40
490,419,54
491,575,35
492,607,41
493,544,30
494,298,40
495,192,37
496,479,56
497,259,40
498,412,40
499,429,40
500,473,50
501,266,79
502,156,45
503,320,66
504,301,48
505,161,21
506,90,36
507,329,41
508,158,36
509,55,40
510,222,41
511,162,44
512,338,46
513,198,33
514,116,26
515,239,36
516,149,22
517,120,30
518,92,32
519,113,15
520,179,23
521,133,20
522,72,32
523,148,28
524,118,21
525,55,29
526,48,7
527,18,13
528,120,11
529,93,11
530,72,6
531,13,11
532,33,8
533,33,7
534,13,10
535,14,12
536,7,3
537,37,11
538,18,5
539,15,12
540,12,6
541,14,6
542,42,4
543,4,4
544,20,3
545,13,7
546,2,7
547,6,3
548,9,5
549,20,2
550,13,4
551,10,3
552,10,5
553,4,5
554,6,7
555,13,8
556,3,3
557,8,3
558,7,2
559,6,1
560,2,7
561,14,2
562,5,4
563,8,2
564,3,0
565,15,2
566,13,4
567,7,7
568,3,4
569,10,0
570,6,1
571,4,3
572,2,4
573,3,1
574,1,1
575,2,3
576,3,2
577,2,3
578,4,1
579,1,7
580,7,2
581,2,6
582,0,3
583,5,2
584,10,1
585,5,1
586,1,3
587,1,0
588,3,3
589,0,13
590,7,5
591,3,2
592,2,0
593,2,2
594,3,2
595,3,0
596,2,1
597,2,1
598,2,1
599,1,0
601,2,0
602,3,0
603,1,0
605,4,0
606,7,1
607,1,1
608,1,0
610,1,0
611,1,0
612,0,3
613,1,1
614,0,1
615,1,0
616,1,0
617,0,1
619,1,0
621,1,1
622,0,1
623,1,1
624,2,0
625,2,1
626,0,1
627,1,0
628,0,1
629,0,1
631,0,1
