Base index shifted,dsDNA_1#TOP,dsDNA_1#BOT
-352.5,53418,81738
-351.5,794,3044
-350.5,1046,374
-349.5,356,173
-348.5,434,585
-347.5,311,68
-346.5,117,80
-345.5,61,25
-344.5,44,54
-343.5,7,12
-342.5,9,16
-341.5,16,10
-340.5,19,175
-339.5,10,15
-338.5,29,11
-337.5,94,23
-336.5,11,17
-335.5,7,19
-334.5,14,14
-333.5,9,58
-332.5,4,31
-331.5,6,30
-330.5,29,32
-329.5,12,7
-328.5,9,10
-327.5,6,26
-326.5,25,13
-325.5,5,15
-324.5,12,9
-323.5,21,8
-322.5,3,50
-321.5,5,40
-320.5,4,16
-319.5,9,5
-318.5,20,10
-317.5,3,8
-316.5,7,79
-315.5,4,55
-314.5,7,24
-313.5,4,5
-312.5,12,5
-311.5,5,20
-310.5,5,11
-309.5,8,11
-308.5,5,70
-307.5,15,26
-306.5,10,17
-305.5,12,9
-304.5,12,11
-303.5,5,21
-302.5,8,19
-301.5,4,10
-300.5,37,19
-299.5,11,24
-298.5,8,4
-297.5,12,7
-296.5,8,3
-295.5,16,87
-294.5,14,27
-293.5,60,10
-292.5,14,28
-291.5,13,14
-290.5,19,14
-289.5,13,154
-288.5,10,33
-287.5,17,19
-286.5,9,19
-285.5,12,19
-284.5,21,32
-283.5,18,22
-282.5,13,27
-281.5,18,13
-280.5,3,14
-279.5,13,23
-278.5,45,15
-277.5,20,49
-276.5,22,24
-275.5,10,5
-274.5,11,32
-273.5,8,45
-272.5,12,20
-271.5,13,39
-270.5,34,27
-269.5,7,45
-268.5,6,23
-267.5,22,36
-266.5,4,63
-265.5,9,32
-264.5,7,42
-263.5,12,105
-262.5,11,47
-261.5,26,61
-260.5,27,47
-259.5,15,66
-258.5,12,60
-257.5,21,45
-256.5,13,56
-255.5,58,82
-254.5,11,31
-253.5,21,28
-252.5,20,50
-251.5,45,91
-250.5,21,59
-249.5,19,45
-248.5,34,61
-247.5,12,88
-246.5,27,88
-245.5,33,94
-244.5,28,101
-243.5,39,102
-242.5,38,68
-241.5,26,94
-240.5,36,61
-239.5,25,57
-238.5,64,89
-237.5,49,120
-236.5,50,34
-235.5,41,109
-234.5,41,66
-233.5,39,78
-232.5,38,129
-231.5,41,34
-230.5,30,53
-229.5,65,23
-228.5,50,86
-227.5,47,101
-226.5,28,37
-225.5,39,106
-224.5,62,87
-223.5,41,116
-222.5,52,169
-221.5,28,88
-220.5,35,119
-219.5,47,138
-218.5,46,140
-217.5,75,87
-216.5,48,111
-215.5,54,66
-214.5,75,45
-213.5,53,52
-212.5,94,87
-211.5,51,32
-210.5,40,114
-209.5,98,67
-208.5,53,107
-207.5,55,55
-206.5,58,162
-205.5,41,117
-204.5,40,74
-203.5,52,104
-202.5,57,197
-201.5,71,99
-200.5,59,84
-199.5,54,119
-198.5,52,140
-197.5,57,43
-196.5,105,99
-195.5,101,33
-194.5,63,163
-193.5,123,139
-192.5,101,127
-191.5,107,128
-190.5,63,59
-189.5,52,110
-188.5,120,57
-187.5,68,80
-186.5,62,120
-185.5,48,100
-184.5,73,158
-183.5,96,97
-182.5,84,151
-181.5,86,100
-180.5,79,88
-179.5,55,163
-178.5,68,112
-177.5,111,163
-176.5,87,50
-175.5,99,131
-174.5,70,102
-173.5,42,164
-172.5,101,152
-171.5,106,138
-170.5,143,75
-169.5,127,87
-168.5,84,123
-167.5,38,153
-166.5,58,129
-165.5,60,89
-164.5,104,79
-163.5,70,74
-162.5,72,115
-161.5,86,56
-160.5,94,32
-159.5,127,40
-158.5,97,23
-157.5,98,120
-156.5,90,58
-155.5,129,122
-154.5,138,186
-153.5,131,82
-152.5,73,109
-151.5,139,244
-150.5,143,130
-149.5,100,79
-148.5,166,124
-147.5,95,144
-146.5,81,102
-145.5,111,70
-144.5,67,58
-143.5,85,192
-142.5,75,117
-141.5,76,113
-140.5,73,119
-139.5,112,91
-138.5,122,102
-137.5,142,69
-136.5,140,153
-135.5,154,96
-134.5,118,247
-133.5,155,73
-132.5,70,135
-131.5,142,154
-130.5,102,161
-129.5,99,206
-128.5,131,225
-127.5,52,158
-126.5,143,131
-125.5,119,148
-124.5,170,205
-123.5,179,188
-122.5,189,125
-121.5,101,151
-120.5,173,183
-119.5,158,140
-118.5,170,238
-117.5,169,250
-116.5,135,126
-115.5,157,126
-114.5,150,230
-113.5,105,251
-112.5,226,175
-111.5,121,284
-110.5,86,397
-109.5,168,209
-108.5,68,353
-107.5,237,371
-106.5,250,235
-105.5,130,265
-104.5,262,141
-103.5,218,231
-102.5,169,410
-101.5,134,140
-100.5,172,245
-99.5,302,175
-98.5,178,164
-97.5,89,126
-96.5,160,171
-95.5,204,72
-94.5,132,112
-93.5,119,246
-92.5,102,218
-91.5,164,91
-90.5,117,159
-89.5,169,117
-88.5,161,109
-87.5,156,175
-86.5,90,129
-85.5,251,146
-84.5,162,73
-83.5,188,207
-82.5,160,203
-81.5,255,210
-80.5,278,86
-79.5,165,234
-78.5,259,121
-77.5,213,122
-76.5,189,149
-75.5,223,214
-74.5,232,159
-73.5,190,107
-72.5,113,229
-71.5,218,130
-70.5,203,147
-69.5,279,192
-68.5,135,124
-67.5,198,214
-66.5,261,186
-65.5,157,246
-64.5,218,85
-63.5,80,80
-62.5,281,152
-61.5,205,207
-60.5,292,75
-59.5,267,211
-58.5,247,248
-57.5,447,108
-56.5,242,242
-55.5,424,258
-54.5,501,159
-53.5,241,253
-52.5,316,255
-51.5,280,228
-50.5,397,281
-49.5,369,148
-48.5,109,228
-47.5,277,226
-46.5,396,165
-45.5,176,147
-44.5,245,297
-43.5,221,188
-42.5,182,134
-41.5,361,146
-40.5,134,215
-39.5,201,299
-38.5,348,111
-37.5,341,249
-36.5,239,176
-35.5,336,125
-34.5,280,225
-33.5,248,146
-32.5,272,127
-31.5,272,331
-30.5,374,224
-29.5,433,135
-28.5,188,112
-27.5,175,119
-26.5,316,263
-25.5,310,250
-24.5,156,223
-23.5,443,113
-22.5,463,91
-21.5,258,216
-20.5,388,231
-19.5,197,290
-18.5,294,280
-17.5,338,232
-16.5,363,292
-15.5,308,141
-14.5,496,271
-13.5,419,235
-12.5,420,232
-11.5,436,243
-10.5,372,241
-9.5,307,248
-8.5,231,324
-7.5,628,239
-6.5,367,180
-5.5,458,279
-4.5,361,228
-3.5,344,282
-2.5,460,261
-1.5,451,212
-0.5,443,266
0.5,331,276
1.5,406,287
2.5,454,252
3.5,263,294
4.5,491,260
5.5,445,168
6.5,192,265
7.5,288,160
8.5,348,317
9.5,343,330
10.5,317,168
11.5,334,148
12.5,345,197
13.5,538,281
14.5,237,364
15.5,546,237
16.5,301,172
17.5,294,290
18.5,252,274
19.5,142,315
20.5,431,150
21.5,310,215
22.5,484,317
23.5,570,190
24.5,121,228
25.5,327,295
26.5,489,327
27.5,301,180
28.5,513,109
29.5,302,170
30.5,320,230
31.5,494,159
32.5,363,163
33.5,299,290
34.5,261,233
35.5,454,265
36.5,409,184
37.5,180,303
38.5,376,337
39.5,347,198
40.5,200,271
41.5,290,227
42.5,319,176
43.5,339,199
44.5,303,74
45.5,225,178
46.5,225,283
47.5,356,217
48.5,326,196
49.5,402,234
50.5,349,210
51.5,295,262
52.5,271,243
53.5,203,147
54.5,230,185
55.5,354,140
56.5,563,192
57.5,188,167
58.5,393,197
59.5,403,285
60.5,228,149
61.5,308,201
62.5,430,220
63.5,196,341
64.5,364,192
65.5,217,198
66.5,204,173
67.5,275,195
68.5,321,178
69.5,224,198
70.5,304,155
71.5,426,149
72.5,166,189
73.5,368,218
74.5,435,128
75.5,326,167
76.5,209,128
77.5,290,187
78.5,319,119
79.5,201,300
80.5,335,187
81.5,125,164
82.5,270,243
83.5,217,190
84.5,353,172
85.5,318,123
86.5,349,280
87.5,258,218
88.5,298,139
89.5,363,163
90.5,296,261
91.5,157,185
92.5,219,201
93.5,270,204
94.5,182,296
95.5,521,180
96.5,268,139
97.5,296,172
98.5,344,167
99.5,556,154
100.5,177,137
101.5,250,250
102.5,185,242
103.5,132,268
104.5,448,197
105.5,167,211
106.5,189,291
107.5,324,188
108.5,263,331
109.5,433,209
110.5,272,140
111.5,270,184
112.5,334,121
113.5,664,104
114.5,513,195
115.5,539,143
116.5,369,85
117.5,444,109
118.5,165,80
119.5,210,124
120.5,444,108
121.5,255,204
122.5,161,76
123.5,241,100
124.5,354,87
125.5,305,187
126.5,420,256
127.5,440,188
128.5,407,136
129.5,240,199
130.5,535,351
131.5,427,135
132.5,325,214
133.5,367,107
134.5,95,156
135.5,463,157
136.5,365,185
137.5,516,124
138.5,516,80
139.5,431,94
140.5,230,128
141.5,130,128
142.5,400,165
143.5,244,122
144.5,354,106
145.5,427,110
146.5,374,134
147.5,192,203
148.5,106,103
149.5,290,247
150.5,281,176
151.5,139,91
152.5,86,246
153.5,332,139
154.5,122,120
155.5,53,120
156.5,237,130
157.5,158,161
158.5,348,193
159.5,225,93
160.5,121,94
161.5,252,144
162.5,173,100
163.5,136,153
164.5,85,121
165.5,124,49
166.5,206,84
167.5,216,105
168.5,85,219
169.5,221,100
170.5,211,55
171.5,82,133
172.5,87,64
173.5,67,64
174.5,280,106
175.5,279,38
176.5,238,71
177.5,47,110
178.5,140,87
179.5,147,113
180.5,128,142
181.5,73,197
182.5,35,81
183.5,197,86
184.5,188,93
185.5,119,160
186.5,81,84
187.5,158,145
188.5,422,75
189.5,86,67
190.5,222,82
191.5,137,58
192.5,41,136
193.5,147,120
194.5,80,153
195.5,353,114
196.5,134,57
197.5,182,58
198.5,59,150
199.5,73,77
200.5,132,117
201.5,141,113
202.5,64,93
203.5,138,59
204.5,157,78
205.5,118,54
206.5,44,136
207.5,245,59
208.5,43,104
209.5,100,54
210.5,66,52
211.5,324,73
212.5,137,40
213.5,180,170
214.5,177,73
215.5,177,48
216.5,90,93
217.5,109,59
218.5,74,62
219.5,115,121
220.5,60,80
221.5,120,98
222.5,50,55
223.5,52,157
224.5,55,95
225.5,32,95
226.5,180,68
227.5,117,127
228.5,29,40
229.5,155,51
230.5,159,31
231.5,69,17
232.5,43,34
233.5,32,19
234.5,162,67
235.5,93,67
236.5,108,45
237.5,42,30
238.5,33,27
239.5,56,75
240.5,105,35
241.5,60,38
242.5,27,34
243.5,64,27
244.5,35,81
245.5,81,23
246.5,53,13
247.5,43,32
248.5,52,5
249.5,29,12
250.5,61,16
251.5,87,7
252.5,105,15
253.5,122,20
254.5,68,19
255.5,28,10
256.5,34,21
257.5,31,17
258.5,7,21
259.5,20,19
260.5,12,16
261.5,19,2
262.5,31,17
263.5,23,12
264.5,11,16
265.5,21,5
266.5,24,8
267.5,7,9
268.5,23,4
269.5,12,11
270.5,15,3
271.5,6,4
272.5,7,2
273.5,7,14
274.5,4,7
275.5,3,5
276.5,0,5
277.5,3,3
