Base index,dsDNA_1#TOP,dsDNA_1#BOT
54,0.00010583537788040602,0.00030608731140557843
55,7.697118391302257e-05,5.101455190092974e-05
56,0.00011545677586953385,8.927546582662704e-05
57,7.697118391302257e-05,3.8260913925697304e-05
58,0.00015394236782604513,0.0011095665038452218
59,0.00013469957184778948,0.00034434822533127574
60,0.0005772838793476692,0.00012753637975232435
61,0.00013469957184778948,0.00035710186330650817
62,0.00012507817385866166,0.00017855093165325409
63,0.00018280656179342857,0.00017855093165325409
64,0.00012507817385866166,0.001964060248185795
65,9.621397989127821e-05,0.00042087005318267035
66,0.00016356376581517295,0.00024231912152941626
67,8.659258190215038e-05,0.00024231912152941626
68,0.00011545677586953385,0.00024231912152941626
69,0.00020204935777168423,0.0004081164152074379
70,0.00017318516380430076,0.00028058003545511356
71,0.00012507817385866166,0.00034434822533127574
72,0.00017318516380430076,0.00016579729367802165
73,2.8864193967383462e-05,0.00017855093165325409
74,0.00012507817385866166,0.000293333673430346
75,0.00043296290951075193,0.00019130456962848652
76,0.00019242795978255642,0.0006249282607863893
77,0.00021167075576081204,0.00030608731140557843
78,9.621397989127821e-05,6.376818987616217e-05
79,0.00010583537788040602,0.0004081164152074379
80,7.697118391302257e-05,0.0005739137088854596
81,0.00011545677586953385,0.0002550727595046487
82,0.00012507817385866166,0.000497391881034065
83,0.0003271275316303459,0.00034434822533127574
84,6.734978592389474e-05,0.0005739137088854596
85,5.7728387934766925e-05,0.000293333673430346
86,0.00021167075576081204,0.00045913096710836765
87,3.848559195651128e-05,0.0008034791924396434
88,8.659258190215038e-05,0.0004081164152074379
89,6.734978592389474e-05,0.0005356527949597623
90,0.00011545677586953385,0.0013391319873994056
91,0.00010583537788040602,0.0005994209848359244
92,0.0002501563477173233,0.0007779719164891785
93,0.00025977774570645117,0.0005994209848359244
94,0.0001443209698369173,0.0008417401063653407
95,0.00011545677586953385,0.0007652182785139461
96,0.00020204935777168423,0.0005739137088854596
97,0.00012507817385866166,0.0007142037266130163
98,0.0005580410833694136,0.0010457983139690596
99,0.00010583537788040602,0.0003953627772322055
100,0.00020204935777168423,0.00035710186330650817
101,0.00019242795978255642,0.0006376818987616217
102,0.00043296290951075193,0.0011605810557461516
103,0.00020204935777168423,0.0007524646405387136
104,0.00018280656179342857,0.0005739137088854596
105,0.0003271275316303459,0.0007779719164891785
106,0.00011545677586953385,0.0011223201418204543
107,0.00025977774570645117,0.0011223201418204543
108,0.00031750613364121805,0.0011988419696718489
109,0.00026939914369557895,0.001288117435498476
110,0.000375234521575985,0.0013008710734737083
111,0.00036561312358685715,0.0008672473823158056
112,0.0002501563477173233,0.0011988419696718489
113,0.0003463703276086015,0.0007779719164891785
114,0.0002405349497281955,0.0007269573645882488
115,0.0006157694713041805,0.0011350737797956867
116,0.0004714485014672632,0.0015304365570278922
117,0.000481069899456391,0.0004336236911579028
118,0.0003944773175542406,0.0013901465393003354
119,0.0003944773175542406,0.0008417401063653407
120,0.000375234521575985,0.00099478376206813
121,0.00036561312358685715,0.001645219298804984
122,0.0003944773175542406,0.0004336236911579028
123,0.0002886419396738346,0.000675942812687319
124,0.0006253908692933083,0.000293333673430346
125,0.000481069899456391,0.0010968128658699894
126,0.00045220570548900756,0.001288117435498476
127,0.00026939914369557895,0.0004718846050836001
128,0.000375234521575985,0.001351885625374638
129,0.0005965266753259248,0.0011095665038452218
130,0.0003944773175542406,0.0014794220051269624
131,0.0005003126954346467,0.0021553648178142815
132,0.00026939914369557895,0.0011223201418204543
133,0.00033674892961947373,0.0015176829190526597
134,0.00045220570548900756,0.001760002040582076
135,0.0004425843074998797,0.0017855093165325409
136,0.0007216048491845865,0.0011095665038452218
137,0.0004618271034781354,0.0014156538152508003
138,0.0005195554914129023,0.0008417401063653407
139,0.0007216048491845865,0.0005739137088854596
140,0.0005099340934237744,0.0006631891747120866
141,0.0009044114109780151,0.0011095665038452218
142,0.0004906912974455189,0.0004081164152074379
143,0.00038485591956511283,0.0014539147291764976
144,0.0009428970029345264,0.0008544937443405731
145,0.0005099340934237744,0.0013646392633498705
146,0.0005291768894020301,0.0007014500886377839
147,0.0005580410833694136,0.0020660893519876544
148,0.0003944773175542406,0.0014921756431021949
149,0.00038485591956511283,0.0009437692101672002
150,0.0005003126954346467,0.0013263783494241732
151,0.0005484196853802858,0.0025124666811207896
152,0.0006831192572280753,0.001262610159548011
153,0.0005676624813585414,0.0010713055899195245
154,0.0005195554914129023,0.0015176829190526597
155,0.0005003126954346467,0.0017855093165325409
156,0.0005484196853802858,0.0005484064329349947
157,0.001010246788858421,0.001262610159548011
158,0.0009717611969019098,0.00042087005318267035
159,0.0006061480733150526,0.002078842989962887
160,0.001183431952662722,0.0017727556785573084
161,0.0009717611969019098,0.0016197120228545192
162,0.0010294895848366767,0.0016324656608297516
163,0.0006061480733150526,0.0007524646405387136
164,0.0005003126954346467,0.0014029001772755678
165,0.0011545677586953383,0.0007269573645882488
166,0.0006542550632606918,0.0010202910380185948
167,0.0005965266753259248,0.0015304365570278922
168,0.0004618271034781354,0.0012753637975232435
169,0.0007023620532063308,0.0020150748000867247
170,0.0009236542069562708,0.0012371028835975462
171,0.0008081974310867369,0.0019257993342600976
172,0.0008274402270649925,0.0012753637975232435
173,0.0007600904411410978,0.0011223201418204543
174,0.0005291768894020301,0.002078842989962887
175,0.0006542550632606918,0.0014284074532260327
176,0.001067975176793188,0.002078842989962887
177,0.0008370616250541204,0.0006376818987616217
178,0.0009525184009236542,0.001670726574755449
179,0.0006734978592389475,0.0013008710734737083
180,0.00040409871554336846,0.0020915966279381193
181,0.0009717611969019098,0.00193855297223533
182,0.0010198681868475489,0.001760002040582076
183,0.0013758599124452783,0.0009565228481424326
184,0.0012219175446192333,0.0011095665038452218
185,0.0008081974310867369,0.0015686974709535895
186,0.00036561312358685715,0.0019513066102105625
187,0.0005580410833694136,0.001645219298804984
188,0.0005772838793476692,0.0011350737797956867
189,0.0010006253908692933,0.0010075374000433623
190,0.0006734978592389475,0.0009437692101672002
191,0.000692740655217203,0.00146666836715173
192,0.0008274402270649925,0.0007142037266130163
193,0.0009044114109780151,0.0004081164152074379
194,0.0012219175446192333,0.0005101455190092974
195,0.0009332756049453986,0.000293333673430346
196,0.0009428970029345264,0.0015304365570278922
197,0.0008659258190215039,0.0007397110025634812
198,0.0012411603405974888,0.001555943832978357
199,0.0013277529224996391,0.002372176663393233
200,0.0012604031365757444,0.0010457983139690596
201,0.0007023620532063308,0.0013901465393003354
202,0.001337374320488767,0.003111887665956714
203,0.0013758599124452783,0.0016579729367802165
204,0.000962139798912782,0.0010075374000433623
205,0.0015971520661952183,0.001581451108928822
206,0.0009140328089671429,0.0018365238684334706
207,0.0007793332371193534,0.0013008710734737083
208,0.001067975176793188,0.0008927546582662704
209,0.000644633665271564,0.0007397110025634812
210,0.0008178188290758647,0.0024486984912446275
211,0.0007216048491845865,0.0014921756431021949
212,0.0007312262471737143,0.0014411610912012651
213,0.0007023620532063308,0.0015176829190526597
214,0.0010775965747823158,0.0011605810557461516
215,0.0011738105546735941,0.0013008710734737083
216,0.0013662385144561505,0.000880001020291038
217,0.001346995718477895,0.0019513066102105625
218,0.0014816952903256844,0.0012243492456223137
219,0.0011353249627170828,0.0031501485798824114
220,0.0014913166883148122,0.0009310155721919677
221,0.0006734978592389475,0.0017217411266563787
222,0.0013662385144561505,0.001964060248185795
223,0.0009813825948910377,0.002053335714012422
224,0.0009525184009236542,0.0026272494228978815
225,0.0012604031365757444,0.002869568544427298
226,0.0005003126954346467,0.0020150748000867247
227,0.0013758599124452783,0.001670726574755449
228,0.0011449463607062105,0.0018875384203344003
229,0.0016356376581517294,0.002614495784922649
230,0.00172223024005388,0.0023976839393436977
231,0.001818444219945158,0.0015942047469040543
232,0.0009717611969019098,0.0019257993342600976
233,0.001664501852119113,0.0023339157494675355
234,0.0015201808822821955,0.0017855093165325409
235,0.0016356376581517294,0.0030353658381053195
236,0.0016260162601626016,0.0031884094938081087
237,0.0012988887285322558,0.0016069583848792868
238,0.0015105594842930677,0.0016069583848792868
239,0.001443209698369173,0.00293333673430346
240,0.001010246788858421,0.003201163131783341
241,0.002174435945542887,0.002231886645665676
242,0.0011641891566844663,0.0036220331849660115
243,0.0008274402270649925,0.005063194276167277
244,0.0016163948621734738,0.002665510336823579
245,0.0006542550632606918,0.0045020342052570494
246,0.0022802713234232933,0.004731599688811233
247,0.002405349497281955,0.002997104924179622
248,0.0012507817385866166,0.003379714063436595
249,0.002520806273151489,0.0017982629545077733
250,0.002097464761629865,0.0029460903722786924
251,0.0016260162601626016,0.005228991569845298
252,0.001289267330543128,0.0017855093165325409
253,0.001654880454129985,0.0031246413039319465
254,0.0029056621927166016,0.002231886645665676
255,0.001712608842064752,0.0020915966279381193
256,0.000856304421032376,0.0016069583848792868
257,0.0015394236782604513,0.0021808720937647463
258,0.0019627651897820755,0.0009182619342167353
259,0.0012700245345648722,0.0014284074532260327
260,0.0011449463607062105,0.003137394941907179
261,0.0009813825948910377,0.0027802930786006708
262,0.0015779092702169625,0.0011605810557461516
263,0.001125703564727955,0.002027828438061957
264,0.0016260162601626016,0.0014921756431021949
265,0.0015490450762495791,0.0013901465393003354
266,0.00150093808630394,0.002231886645665676
267,0.0008659258190215039,0.001645219298804984
268,0.0024149708952710828,0.0018620311443839355
269,0.001558666474238707,0.0009310155721919677
270,0.0018088228219560302,0.002640003060873114
271,0.0015394236782604513,0.0025889885089721842
272,0.0024534564872275943,0.0026782639747988113
273,0.002674748640977534,0.0010968128658699894
274,0.0015875306682060903,0.0029843512862043897
275,0.0024919420791841055,0.0015431901950031246
276,0.0020493577716842255,0.001555943832978357
277,0.001818444219945158,0.0019002920583096328
278,0.002145571751575504,0.002729278526699741
279,0.0022321643334776544,0.002027828438061957
280,0.0018280656179342858,0.0013646392633498705
281,0.0010872179727714436,0.0029205830963282275
282,0.002097464761629865,0.0016579729367802165
283,0.0019531437917929477,0.001874784782359168
284,0.0026843700389666617,0.0024486984912446275
285,0.0012988887285322558,0.001581451108928822
286,0.0019050368018473083,0.002729278526699741
287,0.002511184875162361,0.002372176663393233
288,0.0015105594842930677,0.003137394941907179
289,0.002097464761629865,0.001084059227894757
290,0.0007697118391302257,0.0010202910380185948
291,0.0027036128349449177,0.00193855297223533
292,0.0019723865877712033,0.002640003060873114
293,0.0028094482128253233,0.0009565228481424326
294,0.002568913263097128,0.0026910176127740437
295,0.0023764853033145716,0.003162902217857644
296,0.004300764901140136,0.001377392901325103
297,0.0023283783133689327,0.003086380390006249
298,0.0040794727473901955,0.003290438597609968
299,0.004820320392553038,0.002027828438061957
300,0.002318756915379805,0.003226670407733806
301,0.003040361764564391,0.003252177683684271
302,0.00269399143695579,0.002907829458352995
303,0.003819695001683745,0.003583772271040314
304,0.0035502958579881655,0.0018875384203344003
305,0.0010487323808149325,0.002907829458352995
306,0.002665127242988406,0.0028823221824025302
307,0.0038100736036946166,0.0021043502659133517
308,0.0016933660460864963,0.001874784782359168
309,0.002357242507336316,0.003787830478644033
310,0.0021263289555972483,0.0023976839393436977
311,0.0017510944340212633,0.0017089874886811462
312,0.003473324674075143,0.0018620311443839355
313,0.001289267330543128,0.0027420321646749735
314,0.0019339009958146919,0.003813337754594498
315,0.0033482465002164816,0.0014156538152508003
316,0.0032808967142925866,0.0031756558558328762
317,0.002299514119401549,0.0022446402836409085
318,0.0032327897243469477,0.0015942047469040543
319,0.00269399143695579,0.002869568544427298
320,0.0023861067013036994,0.0018620311443839355
321,0.002617020253042767,0.0016197120228545192
322,0.002617020253042767,0.004221454169801936
323,0.003598402847933805,0.0028568149064520654
324,0.004166065329292346,0.0017217411266563787
325,0.0018088228219560302,0.0014284074532260327
326,0.0016837446480973686,0.0015176829190526597
327,0.003040361764564391,0.0033542067874861303
328,0.0029826333766296243,0.0031884094938081087
329,0.00150093808630394,0.002844061268476833
330,0.004262279309183625,0.0014411610912012651
331,0.0044547072689661805,0.0011605810557461516
332,0.0024823206811949777,0.002754785802650206
333,0.0037331024197815943,0.0029460903722786924
334,0.0018954154038581805,0.003698555012817406
335,0.0028286910088035793,0.0035710186330650817
336,0.0032520325203252032,0.002958844010253925
337,0.003492567470053399,0.003724062288767871
338,0.0029633905806513688,0.0017982629545077733
339,0.004772213402607399,0.00345623589128799
340,0.004031365757444557,0.002997104924179622
341,0.004040987155433684,0.002958844010253925
342,0.00419492952325973,0.0030991340279814816
343,0.0035791600519555493,0.0030736267520310168
344,0.002953769182662241,0.003162902217857644
345,0.0022225429354885266,0.004132178703975309
346,0.006042237937172271,0.003048119476080552
347,0.00353105306200991,0.0022956548355418382
348,0.004406600279020542,0.0035582649950898493
349,0.003473324674075143,0.002907829458352995
350,0.00330976090825997,0.0035965259090155466
351,0.004425843074998798,0.0033286995115356655
352,0.004339250493096647,0.002703771250749276
353,0.004262279309183625,0.0033924677014118276
354,0.0031846827344013083,0.003520004081164152
355,0.003906287583585895,0.0036602940988917088
356,0.00436811468706403,0.0032139167697585735
357,0.0025304276711406166,0.003749569564718336
358,0.004724106412661759,0.003315945873560433
359,0.00428152210516188,0.002142611179839049
360,0.0018473084139125416,0.003379714063436595
361,0.002770962620868812,0.0020405820760371896
362,0.0033482465002164816,0.004042903238148682
363,0.003300139510270842,0.0042087005318267035
364,0.003049983162553519,0.002142611179839049
365,0.003213546928368692,0.0018875384203344003
366,0.003319382306249098,0.0025124666811207896
367,0.005176312118150768,0.003583772271040314
368,0.0022802713234232933,0.004642324222984606
369,0.00525328330206379,0.003022612200130087
370,0.002896040794727474,0.0021936257317399788
371,0.0028286910088035793,0.003698555012817406
372,0.0024245922932602105,0.003494496805213687
373,0.0013662385144561505,0.004017395962198217
374,0.0041468225333140905,0.0019130456962848652
375,0.0029826333766296243,0.0027420321646749735
376,0.004656756626737865,0.004042903238148682
377,0.005484196853802858,0.0024231912152941626
378,0.0011641891566844663,0.002907829458352995
379,0.003146197142444797,0.0037623232026935682
380,0.004704863616683504,0.004170439617901006
381,0.002896040794727474,0.0022956548355418382
382,0.004935777168422572,0.0013901465393003354
383,0.0029056621927166016,0.002168118455789514
384,0.0030788473565209027,0.00293333673430346
385,0.004752970606629143,0.002027828438061957
386,0.003492567470053399,0.002078842989962887
387,0.0028767979987492183,0.003698555012817406
388,0.002511184875162361,0.0029715976482291573
389,0.00436811468706403,0.003379714063436595
390,0.003935151777553278,0.002346669387442768
391,0.0017318516380430077,0.0038643523064954277
392,0.0036176456439120605,0.0042979759976533305
393,0.0033386251022273538,0.002525220319096022
394,0.001924279597825564,0.00345623589128799
395,0.0027902054168470677,0.0028950758203777627
396,0.003069225958531775,0.0022446402836409085
397,0.003261653918314331,0.0025379739570712545
398,0.0029152835907057294,0.0009437692101672002
399,0.0021648145475537594,0.0022701475595913734
400,0.0021648145475537594,0.003609279546990779
401,0.003425217684129504,0.0027675394406254383
402,0.0031365757444556694,0.002499713043145557
403,0.0038678019916293838,0.0029843512862043897
404,0.0033578678982056093,0.0026782639747988113
405,0.002838312406792707,0.003341453149510898
406,0.0026073988550536394,0.0030991340279814816
407,0.0019531437917929477,0.001874784782359168
408,0.002212921537499399,0.0023594230254180004
409,0.0034059748881512483,0.0017855093165325409
410,0.005416847067878963,0.0024486984912446275
411,0.0018088228219560302,0.0021298575418638166
412,0.0037812094097272333,0.0025124666811207896
413,0.0038774233896185116,0.003634786822941244
414,0.0021936787415211432,0.0019002920583096328
415,0.0029633905806513688,0.0025634812330217194
416,0.004137201135324963,0.0028058003545511356
417,0.0018857940058690527,0.00434899054955426
418,0.0035021888680425266,0.0024486984912446275
419,0.002087843363640737,0.002525220319096022
420,0.0019627651897820755,0.002206379369715211
421,0.0026458844470101505,0.0024869594051703248
422,0.0030884687545100304,0.0022701475595913734
423,0.0021551931495646316,0.002525220319096022
424,0.002924904988694857,0.0019768138861610274
425,0.004098715543368451,0.0019002920583096328
426,0.0015971520661952183,0.00241043757731893
427,0.0035406744599990377,0.0027802930786006708
428,0.004185308125270602,0.0016324656608297516
429,0.0031365757444556694,0.0021298575418638166
430,0.0020108721797277144,0.0016324656608297516
431,0.0027902054168470677,0.0023849303013684653
432,0.003069225958531775,0.0015176829190526597
433,0.0019339009958146919,0.0038260913925697304
434,0.00322316832635782,0.0023849303013684653
435,0.0012026747486409775,0.0020915966279381193
436,0.0025977774570645116,0.0030991340279814816
437,0.002087843363640737,0.0024231912152941626
438,0.0033963534901621205,0.0021936257317399788
439,0.0030596045605426466,0.0015686974709535895
440,0.0033578678982056093,0.0035710186330650817
441,0.0024823206811949777,0.0027802930786006708
442,0.0028671766007600905,0.0017727556785573084
443,0.003492567470053399,0.002078842989962887
444,0.002847933804781835,0.0033286995115356655
445,0.0015105594842930677,0.0023594230254180004
446,0.0021070861596189927,0.0025634812330217194
447,0.0025977774570645116,0.0026017421469474167
448,0.0017510944340212633,0.0037750768406688007
449,0.005012748352335595,0.0022956548355418382
450,0.002578534661086256,0.0017727556785573084
451,0.002847933804781835,0.0021936257317399788
452,0.00330976090825997,0.0021298575418638166
453,0.005349497281955068,0.001964060248185795
454,0.0017029874440756241,0.0017472484026068436
455,0.002405349497281955,0.0031884094938081087
456,0.0017799586279886466,0.003086380390006249
457,0.0012700245345648722,0.0034179749773622925
458,0.004310386299129263,0.0025124666811207896
459,0.001606773464184346,0.0026910176127740437
460,0.001818444219945158,0.0037113086507926385
461,0.003117332948477414,0.0023976839393436977
462,0.0025304276711406166,0.004221454169801936
463,0.004166065329292346,0.002665510336823579
464,0.002617020253042767,0.0017855093165325409
465,0.0025977774570645116,0.002346669387442768
466,0.003213546928368692,0.0015431901950031246
467,0.006388608264780873,0.0013263783494241732
468,0.004935777168422572,0.0024869594051703248
469,0.005185933516139895,0.0018237702304582382
470,0.0035502958579881655,0.001084059227894757
471,0.004271900707172752,0.0013901465393003354
472,0.0015875306682060903,0.0010202910380185948
473,0.002020493577716842,0.001581451108928822
474,0.004271900707172752,0.001377392901325103
475,0.0024534564872275943,0.0026017421469474167
476,0.0015490450762495791,0.000969276486117665
477,0.002318756915379805,0.0012753637975232435
478,0.0034059748881512483,0.0011095665038452218
479,0.002934526386683985,0.0023849303013684653
480,0.004040987155433684,0.0032649313216595033
481,0.004233415115216241,0.0023976839393436977
482,0.003915908981575023,0.0017344947646316111
483,0.0023091355173906767,0.0025379739570712545
484,0.005147447924183384,0.004476526929306585
485,0.004108336941357579,0.0017217411266563787
486,0.0031269543464665416,0.002729278526699741
487,0.00353105306200991,0.0013646392633498705
488,0.0009140328089671429,0.00198956752413626
489,0.0044547072689661805,0.0020023211621114922
490,0.0035118102660316544,0.0023594230254180004
491,0.004964641362389955,0.001581451108928822
492,0.004964641362389955,0.0010202910380185948
493,0.0041468225333140905,0.0011988419696718489
494,0.002212921537499399,0.0016324656608297516
495,0.0012507817385866166,0.0016324656608297516
496,0.003848559195651128,0.0021043502659133517
497,0.0023476211093471882,0.001555943832978357
498,0.0034059748881512483,0.001351885625374638
499,0.004108336941357579,0.0014029001772755678
500,0.003598402847933805,0.0017089874886811462
501,0.0018473084139125416,0.0025889885089721842
502,0.0010198681868475489,0.0013136247114489408
503,0.0027902054168470677,0.0031501485798824114
504,0.0027036128349449177,0.0022446402836409085
505,0.001337374320488767,0.0011605810557461516
506,0.0008274402270649925,0.003137394941907179
507,0.0031943041323904365,0.0017727556785573084
508,0.0011738105546735941,0.0015304365570278922
509,0.0005099340934237744,0.0015304365570278922
510,0.0022802713234232933,0.0016579729367802165
511,0.0015201808822821955,0.002053335714012422
512,0.0033482465002164816,0.00246145212921986
513,0.0021648145475537594,0.0011860883316966164
514,0.0011641891566844663,0.0011988419696718489
515,0.0024245922932602105,0.0018365238684334706
516,0.001664501852119113,0.0012753637975232435
517,0.0013085101265213836,0.0019513066102105625
518,0.0008178188290758647,0.0015431901950031246
519,0.0011930533506518497,0.0006249282607863893
520,0.001982007985760331,0.0010713055899195245
521,0.0020782219656516093,0.0013391319873994056
522,0.0008178188290758647,0.002793046716575903
523,0.0021263289555972483,0.0012753637975232435
524,0.00203011497570597,0.0007014500886377839
525,0.0007889546351084812,0.0016962338507059138
526,0.0008370616250541204,0.0008162328304148758
527,0.000644633665271564,0.0008162328304148758
528,0.00269399143695579,0.001351885625374638
529,0.0026843700389666617,0.0004846382430588325
530,0.002289892721412421,0.0009055082962415029
531,0.00045220570548900756,0.0014029001772755678
532,0.001346995718477895,0.0011095665038452218
533,0.0014143455044017897,0.0014411610912012651
534,0.001231538942608361,0.0018110165924830057
535,0.0007023620532063308,0.0025124666811207896
536,0.00033674892961947373,0.0010330446759938272
537,0.0018954154038581805,0.0010968128658699894
538,0.0018088228219560302,0.0011860883316966164
539,0.0011449463607062105,0.0020405820760371896
540,0.0007793332371193534,0.0010713055899195245
541,0.0015201808822821955,0.001849277506408703
542,0.00406022995141194,0.0009565228481424326
543,0.0008274402270649925,0.0008544937443405731
544,0.002135950353586376,0.0010457983139690596
545,0.0013181315245105114,0.0007397110025634812
546,0.0003944773175542406,0.0017344947646316111
547,0.0014143455044017897,0.0015304365570278922
548,0.0007697118391302257,0.0019513066102105625
549,0.0033963534901621205,0.0014539147291764976
550,0.001289267330543128,0.0007269573645882488
551,0.0017510944340212633,0.0007397110025634812
552,0.0005676624813585414,0.0019130456962848652
553,0.0007023620532063308,0.0009820301240928975
554,0.0012700245345648722,0.0014921756431021949
555,0.0013566171164670227,0.0014411610912012651
556,0.0006157694713041805,0.0011860883316966164
557,0.0013277529224996391,0.0007524646405387136
558,0.0015105594842930677,0.00099478376206813
559,0.0011353249627170828,0.0006886964506625515
560,0.0004233415115216241,0.0017344947646316111
561,0.002357242507336316,0.0007524646405387136
562,0.00041372011353249625,0.0013263783494241732
563,0.000962139798912782,0.0006886964506625515
564,0.0006350122672824361,0.0006631891747120866
565,0.003117332948477414,0.0009310155721919677
566,0.0013181315245105114,0.0005101455190092974
567,0.0017318516380430077,0.002168118455789514
568,0.0017029874440756241,0.0009310155721919677
569,0.0017029874440756241,0.0006121746228111569
570,0.0008659258190215039,0.0011860883316966164
571,0.0010487323808149325,0.0007524646405387136
572,0.0007119834511954587,0.000790725554464411
573,0.0011064607687496994,0.0015431901950031246
574,0.0005772838793476692,0.0010202910380185948
575,0.0011545677586953383,0.0012498565215727786
576,0.000481069899456391,0.0007014500886377839
577,0.0005003126954346467,0.0020023211621114922
578,0.0005291768894020301,0.0012115956076470813
579,0.00030788473565209027,0.0012115956076470813
580,0.0017318516380430077,0.0008672473823158056
581,0.001125703564727955,0.0016197120228545192
582,0.0002790205416847068,0.0005101455190092974
583,0.0014913166883148122,0.0006504355367368542
584,0.0015298022802713233,0.0003953627772322055
585,0.0006638764612498196,0.0002168118455789514
586,0.00041372011353249625,0.0004336236911579028
587,0.00030788473565209027,0.00024231912152941626
588,0.001558666474238707,0.0008544937443405731
589,0.0008947900129888873,0.0008544937443405731
590,0.0010391109828258047,0.0005739137088854596
591,0.00040409871554336846,0.00038260913925697304
592,0.00031750613364121805,0.00034434822533127574
593,0.0005387982873911579,0.0009565228481424326
594,0.001010246788858421,0.0004463773291331352
595,0.0005772838793476692,0.0004846382430588325
596,0.00025977774570645117,0.0004336236911579028
597,0.0006157694713041805,0.00034434822533127574
598,0.00033674892961947373,0.0010330446759938272
599,0.0007793332371193534,0.000293333673430346
600,0.0005099340934237744,0.00016579729367802165
601,0.00041372011353249625,0.0004081164152074379
602,0.0005003126954346467,6.376818987616217e-05
603,0.0002790205416847068,0.00015304365570278922
604,0.0005869052773367971,0.00020405820760371896
605,0.0008370616250541204,8.927546582662704e-05
606,0.001010246788858421,0.00019130456962848652
607,0.0011738105546735941,0.0002550727595046487
608,0.0006542550632606918,0.00024231912152941626
609,0.00026939914369557895,0.00012753637975232435
610,0.0003271275316303459,0.00026782639747988113
611,0.0002982633376629624,0.0002168118455789514
612,6.734978592389474e-05,0.00026782639747988113
613,0.00019242795978255642,0.00024231912152941626
614,0.00011545677586953385,0.00020405820760371896
615,0.00018280656179342857,2.550727595046487e-05
616,0.0002982633376629624,0.0002168118455789514
617,0.00022129215374993986,0.00015304365570278922
618,0.00010583537788040602,0.00020405820760371896
619,0.00020204935777168423,6.376818987616217e-05
620,0.0002309135517390677,0.00010202910380185948
621,6.734978592389474e-05,0.00011478274177709191
622,0.00022129215374993986,5.101455190092974e-05
623,0.00011545677586953385,0.00014029001772755678
624,0.0001443209698369173,3.8260913925697304e-05
625,5.7728387934766925e-05,5.101455190092974e-05
626,6.734978592389474e-05,2.550727595046487e-05
627,6.734978592389474e-05,0.00017855093165325409
628,3.848559195651128e-05,8.927546582662704e-05
629,2.8864193967383462e-05,6.376818987616217e-05
630,0,6.376818987616217e-05
631,2.8864193967383462e-05,3.8260913925697304e-05
